a,b,c,d,e,f
1.37037,1,1,1.05,-1,2.71429
1.36963,0.928571,0.998,1,-0.998,2.988
1.36889,0.928571,0.996,1,-0.996,2.976
1.36815,0.928572,0.994,1,-0.994,2.964
1.36741,0.928571,0.992,1,-0.992,2.952
1.36667,0.928571,0.99,1,-0.99,2.94
1.36593,0.928572,0.988,1,-0.988,2.928
1.36519,0.928571,0.986,1,-0.986,2.916
1.36444,0.928571,0.984,1,-0.984,2.904
1.3637,0.928571,0.982,1,-0.982,2.892
1.36296,0.928572,0.98,1,-0.98,2.88
1.36222,0.928572,0.978,1,-0.978,2.868
1.36148,0.928572,0.976,1,-0.976,2.856
1.36074,0.928571,0.974,1,-0.974,2.844
1.36,0.928572,0.972,1,-0.972,2.832
1.35926,0.928572,0.97,1,-0.97,2.82
1.35852,0.928571,0.968,1,-0.968,2.808
1.35778,0.928572,0.966,1,-0.966,2.796
1.35704,0.928571,0.964,1,-0.964,2.784
1.3563,0.928572,0.962,1,-0.962,2.772
1.35556,0.928572,0.96,1,-0.96,2.76
1.35481,0.928572,0.958,1,-0.958,2.748
1.35407,0.928572,0.956,1,-0.956,2.736
1.35333,0.928572,0.954,1,-0.954,2.724
1.35259,0.928572,0.952,1,-0.952,2.712
1.35185,0.92857,0.95,0.999999,-0.95,2.70001
1.35111,0.928572,0.948,1,-0.948,2.688
1.35037,0.928572,0.946,1,-0.946,2.676
1.34963,0.928572,0.944,1,-0.944,2.664
1.34889,0.928572,0.942,1,-0.942,2.652
1.34815,0.928572,0.94,1,-0.94,2.64
1.34741,0.928572,0.938,1,-0.938,2.628
1.34667,0.92857,0.936,0.999999,-0.936,2.61601
1.34593,0.928572,0.934,1,-0.934,2.604
1.34519,0.928572,0.932,1,-0.932,2.592
1.34444,0.928572,0.93,1,-0.93,2.58
1.3437,0.92857,0.928,0.999999,-0.928,2.56801
1.34296,0.928574,0.926,1,-0.926,2.55599
1.34222,0.92857,0.924,0.999999,-0.924,2.54401
1.34148,0.928574,0.922,1,-0.922,2.53199
1.34074,0.92857,0.92,0.999999,-0.92,2.52001
1.34,0.928574,0.918,1,-0.918,2.50799
1.33926,0.92857,0.916,0.999999,-0.916,2.49601
1.33852,0.92857,0.914,0.999999,-0.914,2.48401
1.33778,0.928574,0.912,1,-0.912,2.47199
1.33704,0.92857,0.91,0.999999,-0.91,2.46001
1.3363,0.928574,0.908,1,-0.908,2.44799
1.33556,0.92857,0.906,0.999999,-0.906,2.43601
1.33481,0.928574,0.904,1,-0.904,2.42399
1.33407,0.92857,0.902,0.999999,-0.902,2.41201
1.33333,0.92857,0.9,0.999999,-0.9,2.40001
1.33259,0.928574,0.898,1,-0.898,2.38799
1.33185,0.92857,0.896,0.999999,-0.896,2.37601
1.33111,0.928574,0.894,1,-0.894,2.36399
1.33037,0.92857,0.892,0.999999,-0.892,2.35201
1.32963,0.928574,0.89,1,-0.89,2.33999
1.32889,0.92857,0.888,0.999999,-0.888,2.32801
1.32815,0.92857,0.886,0.999999,-0.886,2.31601
1.32741,0.928574,0.884,1,-0.884,2.30399
1.32667,0.92857,0.882,0.999999,-0.882,2.29201
1.32593,0.928574,0.88,1,-0.88,2.27999
1.32519,0.92857,0.878,0.999999,-0.878,2.26801
1.32444,0.928574,0.876,1,-0.876,2.25599
1.3237,0.92857,0.874,0.999999,-0.874,2.24401
1.32296,0.92857,0.872,0.999999,-0.872,2.23201
1.32222,0.928574,0.87,1,-0.87,2.21999
1.32148,0.92857,0.868,0.999999,-0.868,2.20801
1.32074,0.928574,0.866,1,-0.866,2.19599
1.32,0.92857,0.864,0.999999,-0.864,2.18401
1.31926,0.92857,0.862,0.999999,-0.862,2.17201
1.31852,0.928574,0.86,1,-0.86,2.15999
1.31778,0.928574,0.858,1,-0.858,2.14799
1.31704,0.928566,0.856,0.999996,-0.856,2.13602
1.3163,0.928574,0.854,1,-0.854,2.12399
1.31556,0.928574,0.852,1,-0.852,2.11199
1.31481,0.928574,0.85,1,-0.85,2.09999
1.31407,0.928566,0.848,0.999996,-0.848,2.08802
1.31333,0.928574,0.846,1,-0.846,2.07599
1.31259,0.928574,0.844,1,-0.844,2.06399
1.31185,0.928566,0.842,0.999996,-0.842,2.05202
1.31111,0.928574,0.84,1,-0.84,2.03999
1.31037,0.928574,0.838,1,-0.838,2.02799
1.30963,0.928574,0.836,1,-0.836,2.01599
1.30889,0.928566,0.834,0.999996,-0.834,2.00402
1.30815,0.928574,0.832,1,-0.832,1.99199
1.30741,0.928574,0.83,1,-0.83,1.97999
1.30667,0.928566,0.828,0.999996,-0.828,1.96802
1.30593,0.928574,0.826,1,-0.826,1.95599
1.30519,0.928574,0.824,1,-0.824,1.94399
1.30444,0.928574,0.822,1,-0.822,1.93199
1.3037,0.928566,0.82,0.999996,-0.82,1.92002
1.30296,0.928574,0.818,1,-0.818,1.90799
1.30222,0.928574,0.816,1,-0.816,1.89599
1.30148,0.928566,0.814,0.999996,-0.814,1.88402
1.30074,0.928574,0.812,1,-0.812,1.87199
1.3,0.928574,0.81,1,-0.81,1.85999
1.29926,0.928574,0.808,1,-0.808,1.84799
1.29852,0.928566,0.806,0.999996,-0.806,1.83602
1.29778,0.928574,0.804,1,-0.804,1.82399
1.29704,0.928574,0.802,1,-0.802,1.81199
1.2963,0.928566,0.8,0.999996,-0.8,1.80002
1.29556,0.928574,0.798,1,-0.798,1.78799
1.29481,0.928574,0.796,1,-0.796,1.77599
1.29407,0.928574,0.794,1,-0.794,1.76399
1.29333,0.928566,0.792,0.999996,-0.792,1.75202
1.29259,0.928574,0.79,1,-0.79,1.73999
1.29185,0.928574,0.788,1,-0.788,1.72799
1.29111,0.928566,0.786,0.999996,-0.786,1.71602
1.29037,0.928574,0.784,1,-0.784,1.70399
1.28963,0.928574,0.782,1,-0.782,1.69199
1.28889,0.928574,0.78,1,-0.78,1.67999
1.28815,0.928566,0.778,0.999996,-0.778,1.66802
1.28741,0.928574,0.776,1,-0.776,1.65599
1.28667,0.928574,0.774,1,-0.774,1.64399
1.28593,0.928566,0.772,0.999996,-0.772,1.63202
1.28519,0.928574,0.77,1,-0.77,1.61999
1.28444,0.928574,0.768,1,-0.768,1.60799
1.2837,0.928574,0.766,1,-0.766,1.59599
1.28296,0.928566,0.764,0.999996,-0.764,1.58402
1.28222,0.928574,0.762,1,-0.762,1.57199
1.28148,0.928574,0.76,1,-0.76,1.55999
1.28074,0.928566,0.758,0.999996,-0.758,1.54802
1.28,0.928574,0.756,1,-0.756,1.53599
1.27926,0.928574,0.754,1,-0.754,1.52399
1.27852,0.928574,0.752,1,-0.752,1.51199
1.27778,0.928566,0.75,0.999996,-0.75,1.50002
1.27704,0.928574,0.748,1,-0.748,1.48799
1.2763,0.928574,0.746,1,-0.746,1.47599
1.27556,0.928566,0.744,0.999996,-0.744,1.46402
1.27481,0.928574,0.742,1,-0.742,1.45199
1.27407,0.928574,0.74,1,-0.74,1.43999
1.27333,0.928574,0.738,1,-0.738,1.42799
1.27259,0.928566,0.736,0.999996,-0.736,1.41602
1.27185,0.928574,0.734,1,-0.734,1.40399
1.27111,0.928574,0.732,1,-0.732,1.39199
1.27037,0.928566,0.73,0.999996,-0.73,1.38002
1.26963,0.928574,0.728,1,-0.728,1.36799
1.26889,0.928574,0.726,1,-0.726,1.35599
1.26815,0.928566,0.724,0.999996,-0.724,1.34402
1.26741,0.928574,0.722,1,-0.722,1.33199
1.26667,0.928574,0.72,1,-0.72,1.31999
1.26593,0.928574,0.718,1,-0.718,1.30799
1.26519,0.928574,0.716,1,-0.716,1.29599
1.26444,0.928574,0.714,1,-0.714,1.28399
1.2637,0.928558,0.712,0.999991,-0.712,1.27204
1.26296,0.928574,0.71,1,-0.71,1.25999
1.26222,0.928574,0.708,1,-0.708,1.24799
1.26148,0.928574,0.706,1,-0.706,1.23599
1.26074,0.928574,0.704,1,-0.704,1.22399
1.26,0.928574,0.702,1,-0.702,1.21199
1.25926,0.928574,0.7,1,-0.7,1.19999
1.25852,0.928558,0.698,0.999991,-0.698,1.18804
1.25778,0.928574,0.696,1,-0.696,1.17599
1.25704,0.928574,0.694,1,-0.694,1.16399
1.2563,0.928574,0.692,1,-0.692,1.15199
1.25556,0.928574,0.69,1,-0.69,1.13999
1.25481,0.928574,0.688,1,-0.688,1.12799
1.25407,0.928574,0.686,1,-0.686,1.11599
1.25333,0.928558,0.684,0.999991,-0.684,1.10404
1.25259,0.928574,0.682,1,-0.682,1.09199
1.25185,0.928574,0.68,1,-0.68,1.07999
1.25111,0.928574,0.678,1,-0.678,1.06799
1.25037,0.928574,0.676,1,-0.676,1.05599
1.24963,0.928574,0.674,1,-0.674,1.04399
1.24889,0.928574,0.672,1,-0.672,1.03199
1.24815,0.928558,0.67,0.999991,-0.67,1.02004
1.24741,0.928574,0.668,1,-0.668,1.00799
1.24667,0.928574,0.666,1,-0.666,0.995994
1.24593,0.928574,0.664,1,-0.664,0.983994
1.24519,0.928574,0.662,1,-0.662,0.971994
1.24444,0.928574,0.66,1,-0.66,0.959994
1.2437,0.928574,0.658,1,-0.658,0.947994
1.24296,0.928558,0.656,0.999991,-0.656,0.936037
1.24222,0.928574,0.654,1,-0.654,0.923995
1.24148,0.928574,0.652,1,-0.652,0.911994
1.24074,0.928574,0.65,1,-0.65,0.899994
1.24,0.928574,0.648,1,-0.648,0.887994
1.23926,0.928574,0.646,1,-0.646,0.875994
1.23852,0.928574,0.644,1,-0.644,0.863995
1.23778,0.928558,0.642,0.999991,-0.642,0.852036
1.23704,0.928574,0.64,1,-0.64,0.839994
1.2363,0.928574,0.638,1,-0.638,0.827994
1.23556,0.928574,0.636,1,-0.636,0.815995
1.23481,0.928574,0.634,1,-0.634,0.803994
1.23407,0.928574,0.632,1,-0.632,0.791995
1.23333,0.928574,0.63,1,-0.63,0.779994
1.23259,0.928558,0.628,0.999991,-0.628,0.768035
1.23185,0.928574,0.626,1,-0.626,0.755995
1.23111,0.928574,0.624,1,-0.624,0.743995
1.23037,0.928574,0.622,1,-0.622,0.731995
1.22963,0.928574,0.62,1,-0.62,0.719995
1.22889,0.928574,0.618,1,-0.618,0.707995
1.22815,0.928574,0.616,1,-0.616,0.695995
1.22741,0.928558,0.614,0.999991,-0.614,0.684034
1.22667,0.928574,0.612,1,-0.612,0.671994
1.22593,0.928574,0.61,1,-0.61,0.659994
1.22519,0.928574,0.608,1,-0.608,0.647994
1.22444,0.928574,0.606,1,-0.606,0.635995
1.2237,0.928574,0.604,1,-0.604,0.623995
1.22296,0.928574,0.602,1,-0.602,0.611995
1.22222,0.928558,0.6,0.999991,-0.6,0.600034
1.22148,0.928574,0.598,1,-0.598,0.587995
1.22074,0.928574,0.596,1,-0.596,0.575995
1.22,0.928574,0.594,1,-0.594,0.563995
1.21926,0.928574,0.592,1,-0.592,0.551995
1.21852,0.928574,0.59,1,-0.59,0.539994
1.21778,0.928574,0.588,1,-0.588,0.527995
1.21704,0.928558,0.586,0.999991,-0.586,0.516033
1.2163,0.928574,0.584,1,-0.584,0.503994
1.21556,0.928574,0.582,1,-0.582,0.491995
1.21481,0.928574,0.58,1,-0.58,0.479995
1.21407,0.928574,0.578,1,-0.578,0.467995
1.21333,0.928574,0.576,1,-0.576,0.455995
1.21259,0.928574,0.574,1,-0.574,0.443995
1.21185,0.928558,0.572,0.999991,-0.572,0.432032
1.21111,0.928574,0.57,1,-0.57,0.419994
1.21037,0.928574,0.568,1,-0.568,0.407995
1.20963,0.928574,0.566,1,-0.566,0.395995
1.20889,0.928574,0.564,1,-0.564,0.383995
1.20815,0.928574,0.562,1,-0.562,0.371996
1.20741,0.928574,0.56,1,-0.56,0.359995
1.20667,0.928558,0.558,0.999991,-0.558,0.348031
1.20593,0.928574,0.556,1,-0.556,0.335995
1.20519,0.928574,0.554,1,-0.554,0.323995
1.20444,0.928574,0.552,1,-0.552,0.311996
1.2037,0.928574,0.55,1,-0.55,0.299995
1.20296,0.928574,0.548,1,-0.548,0.287995
1.20222,0.928574,0.546,1,-0.546,0.275995
1.20148,0.928558,0.544,0.999991,-0.544,0.264031
1.20074,0.928574,0.542,1,-0.542,0.251996
1.2,0.928574,0.54,1,-0.54,0.239995
1.19926,0.928574,0.538,1,-0.538,0.227995
1.19852,0.928574,0.536,1,-0.536,0.215995
1.19778,0.928574,0.534,1,-0.534,0.203995
1.19704,0.928574,0.532,1,-0.532,0.191995
1.1963,0.928558,0.53,0.999991,-0.53,0.18003
1.19556,0.928574,0.528,1,-0.528,0.167995
1.19481,0.928574,0.526,1,-0.526,0.155996
1.19407,0.928574,0.524,1,-0.524,0.143996
1.19333,0.928574,0.522,1,-0.522,0.131996
1.19259,0.928574,0.52,1,-0.52,0.119996
1.19185,0.928574,0.518,1,-0.518,0.107995
1.19111,0.928558,0.516,0.999991,-0.516,0.0960286
1.19037,0.928574,0.514,1,-0.514,0.0839949
1.18963,0.928574,0.512,1,-0.512,0.0719957
1.18889,0.928574,0.51,1,-0.51,0.0599952
1.18815,0.928574,0.508,1,-0.508,0.047996
1.18741,0.928574,0.506,1,-0.506,0.035996
1.18667,0.928574,0.504,1,-0.504,0.0239956
1.18593,0.928558,0.502,0.999991,-0.502,0.0120277
1.18519,0.928574,0.5,1,-0.5,-4.52995e-06
1.18444,0.928574,0.498,1,-0.498,-0.0120046
1.1837,0.928574,0.496,1,-0.496,-0.0240049
1.18296,0.928574,0.494,1,-0.494,-0.0360041
1.18222,0.928574,0.492,1,-0.492,-0.0480044
1.18148,0.928574,0.49,1,-0.49,-0.0600035
1.18074,0.928558,0.488,0.999991,-0.488,-0.0719726
1.18,0.928574,0.486,1,-0.486,-0.0840039
1.17926,0.928574,0.484,1,-0.484,-0.096004
1.17852,0.928574,0.482,1,-0.482,-0.108004
1.17778,0.928574,0.48,1,-0.48,-0.120004
1.17704,0.928574,0.478,1,-0.478,-0.132005
1.1763,0.928574,0.476,1,-0.476,-0.144004
1.17556,0.928558,0.474,0.999991,-0.474,-0.155974
1.17481,0.928574,0.472,1,-0.472,-0.168003
1.17407,0.928574,0.47,1,-0.47,-0.180003
1.17333,0.928574,0.468,1,-0.468,-0.192004
1.17259,0.928574,0.466,1,-0.466,-0.204004
1.17185,0.928574,0.464,1,-0.464,-0.216004
1.17111,0.928574,0.462,1,-0.462,-0.228004
1.17037,0.928558,0.46,0.999991,-0.46,-0.239975
1.16963,0.928574,0.458,1,-0.458,-0.252004
1.16889,0.928574,0.456,1,-0.456,-0.264004
1.16815,0.928574,0.454,1,-0.454,-0.276004
1.16741,0.928574,0.452,1,-0.452,-0.288004
1.16667,0.928574,0.45,1,-0.45,-0.300004
1.16593,0.928558,0.448,0.999991,-0.448,-0.311975
1.16519,0.928589,0.446,1.00001,-0.446,-0.324032
1.16444,0.928558,0.444,0.999991,-0.444,-0.335975
1.1637,0.928589,0.442,1.00001,-0.442,-0.348032
1.16296,0.928558,0.44,0.999991,-0.44,-0.359975
1.16222,0.928558,0.438,0.999991,-0.438,-0.371975
1.16148,0.928589,0.436,1.00001,-0.436,-0.384032
1.16074,0.928558,0.434,0.999991,-0.434,-0.395975
1.16,0.928589,0.432,1.00001,-0.432,-0.408031
1.15926,0.928558,0.43,0.999991,-0.43,-0.419976
1.15852,0.928589,0.428,1.00001,-0.428,-0.432031
1.15778,0.928558,0.426,0.999991,-0.426,-0.443977
1.15704,0.928558,0.424,0.999991,-0.424,-0.455977
1.1563,0.928589,0.422,1.00001,-0.422,-0.468031
1.15556,0.928558,0.42,0.999991,-0.42,-0.479976
1.15481,0.928589,0.418,1.00001,-0.418,-0.49203
1.15407,0.928558,0.416,0.999991,-0.416,-0.503977
1.15333,0.928589,0.414,1.00001,-0.414,-0.51603
1.15259,0.928558,0.412,0.999991,-0.412,-0.527977
1.15185,0.928558,0.41,0.999991,-0.41,-0.539977
1.15111,0.928589,0.408,1.00001,-0.408,-0.55203
1.15037,0.928558,0.406,0.999991,-0.406,-0.563977
1.14963,0.928589,0.404,1.00001,-0.404,-0.57603
1.14889,0.928558,0.402,0.999991,-0.402,-0.587977
1.14815,0.928589,0.4,1.00001,-0.4,-0.600029
1.14741,0.928558,0.398,0.999991,-0.398,-0.611977
1.14667,0.928558,0.396,0.999991,-0.396,-0.623977
1.14593,0.928589,0.394,1.00001,-0.394,-0.636028
1.14519,0.928558,0.392,0.999991,-0.392,-0.647978
1.14444,0.928589,0.39,1.00001,-0.39,-0.660028
1.1437,0.928558,0.388,0.999991,-0.388,-0.671978
1.14296,0.928589,0.386,1.00001,-0.386,-0.684027
1.14222,0.928558,0.384,0.999991,-0.384,-0.695978
1.14148,0.928558,0.382,0.999991,-0.382,-0.707979
1.14074,0.928589,0.38,1.00001,-0.38,-0.720028
1.14,0.928558,0.378,0.999991,-0.378,-0.731979
1.13926,0.928589,0.376,1.00001,-0.376,-0.744027
1.13852,0.928558,0.374,0.999991,-0.374,-0.755979
1.13778,0.928589,0.372,1.00001,-0.372,-0.768027
1.13704,0.928558,0.37,0.999991,-0.37,-0.77998
1.1363,0.928558,0.368,0.999991,-0.368,-0.79198
1.13556,0.928589,0.366,1.00001,-0.366,-0.804026
1.13481,0.928558,0.364,0.999991,-0.364,-0.815979
1.13407,0.928589,0.362,1.00001,-0.362,-0.828026
1.13333,0.928558,0.36,0.999991,-0.36,-0.839979
1.13259,0.928589,0.358,1.00001,-0.358,-0.852026
1.13185,0.928558,0.356,0.999991,-0.356,-0.86398
1.13111,0.928558,0.354,0.999991,-0.354,-0.87598
1.13037,0.928589,0.352,1.00001,-0.352,-0.888026
1.12963,0.928558,0.35,0.999991,-0.35,-0.899981
1.12889,0.928589,0.348,1.00001,-0.348,-0.912026
1.12815,0.928558,0.346,0.999991,-0.346,-0.92398
1.12741,0.928589,0.344,1.00001,-0.344,-0.936025
1.12667,0.928558,0.342,0.999991,-0.342,-0.94798
1.12593,0.928558,0.34,0.999991,-0.34,-0.95998
1.12519,0.928589,0.338,1.00001,-0.338,-0.972024
1.12444,0.928558,0.336,0.999991,-0.336,-0.983981
1.1237,0.928589,0.334,1.00001,-0.334,-0.996024
1.12296,0.928558,0.332,0.999991,-0.332,-1.00798
1.12222,0.928589,0.33,1.00001,-0.33,-1.02002
1.12148,0.928558,0.328,0.999991,-0.328,-1.03198
1.12074,0.928558,0.326,0.999991,-0.326,-1.04398
1.12,0.928589,0.324,1.00001,-0.324,-1.05602
1.11926,0.928558,0.322,0.999991,-0.322,-1.06798
1.11852,0.928589,0.32,1.00001,-0.32,-1.08002
1.11778,0.928558,0.318,0.999991,-0.318,-1.09198
1.11704,0.928589,0.316,1.00001,-0.316,-1.10402
1.1163,0.928558,0.314,0.999991,-0.314,-1.11598
1.11556,0.928558,0.312,0.999991,-0.312,-1.12798
1.11481,0.928589,0.31,1.00001,-0.31,-1.14002
1.11407,0.928558,0.308,0.999991,-0.308,-1.15198
1.11333,0.928589,0.306,1.00001,-0.306,-1.16402
1.11259,0.928558,0.304,0.999991,-0.304,-1.17598
1.11185,0.928589,0.302,1.00001,-0.302,-1.18802
1.11111,0.928558,0.3,0.999991,-0.3,-1.19998
1.11037,0.928558,0.298,0.999991,-0.298,-1.21198
1.10963,0.928589,0.296,1.00001,-0.296,-1.22402
1.10889,0.928558,0.294,0.999991,-0.294,-1.23598
1.10815,0.928589,0.292,1.00001,-0.292,-1.24802
1.10741,0.928558,0.29,0.999991,-0.29,-1.25998
1.10667,0.928589,0.288,1.00001,-0.288,-1.27202
1.10593,0.928558,0.286,0.999991,-0.286,-1.28398
1.10519,0.928558,0.284,0.999991,-0.284,-1.29598
1.10444,0.928589,0.282,1.00001,-0.282,-1.30802
1.1037,0.928558,0.28,0.999991,-0.28,-1.31998
1.10296,0.928589,0.278,1.00001,-0.278,-1.33202
1.10222,0.928558,0.276,0.999991,-0.276,-1.34398
1.10148,0.928589,0.274,1.00001,-0.274,-1.35602
1.10074,0.928558,0.272,0.999991,-0.272,-1.36798
1.1,0.928558,0.27,0.999991,-0.27,-1.37998
1.09926,0.928589,0.268,1.00001,-0.268,-1.39202
1.09852,0.928558,0.266,0.999991,-0.266,-1.40398
1.09778,0.928589,0.264,1.00001,-0.264,-1.41602
1.09704,0.928558,0.262,0.999991,-0.262,-1.42799
1.0963,0.928589,0.26,1.00001,-0.26,-1.44002
1.09556,0.928558,0.258,0.999991,-0.258,-1.45199
1.09481,0.928558,0.256,0.999991,-0.256,-1.46399
1.09407,0.928589,0.254,1.00001,-0.254,-1.47602
1.09333,0.928558,0.252,0.999991,-0.252,-1.48799
1.09259,0.928589,0.25,1.00001,-0.25,-1.50002
1.09185,0.928558,0.248,0.999991,-0.248,-1.51199
1.09111,0.928589,0.246,1.00001,-0.246,-1.52402
1.09037,0.928558,0.244,0.999991,-0.244,-1.53599
1.08963,0.928558,0.242,0.999991,-0.242,-1.54799
1.08889,0.928589,0.24,1.00001,-0.24,-1.56002
1.08815,0.928558,0.238,0.999991,-0.238,-1.57199
1.08741,0.928589,0.236,1.00001,-0.236,-1.58402
1.08667,0.928558,0.234,0.999991,-0.234,-1.59599
1.08593,0.928589,0.232,1.00001,-0.232,-1.60802
1.08519,0.928558,0.23,0.999991,-0.23,-1.61999
1.08444,0.928558,0.228,0.999991,-0.228,-1.63199
1.0837,0.928589,0.226,1.00001,-0.226,-1.64402
1.08296,0.928558,0.224,0.999991,-0.224,-1.65599
1.08222,0.928589,0.222,1.00001,-0.222,-1.66802
1.08148,0.928558,0.22,0.999991,-0.22,-1.67999
1.08074,0.928589,0.218,1.00001,-0.218,-1.69202
1.08,0.928558,0.216,0.999991,-0.216,-1.70399
1.07926,0.928558,0.214,0.999991,-0.214,-1.71599
1.07852,0.928589,0.212,1.00001,-0.212,-1.72801
1.07778,0.928558,0.21,0.999991,-0.21,-1.73999
1.07704,0.928589,0.208,1.00001,-0.208,-1.75201
1.0763,0.928558,0.206,0.999991,-0.206,-1.76399
1.07556,0.928589,0.204,1.00001,-0.204,-1.77601
1.07481,0.928558,0.202,0.999991,-0.202,-1.78799
1.07407,0.928558,0.2,0.999991,-0.2,-1.79999
1.07333,0.928589,0.198,1.00001,-0.198,-1.81201
1.07259,0.928558,0.196,0.999991,-0.196,-1.82399
1.07185,0.928589,0.194,1.00001,-0.194,-1.83601
1.07111,0.928558,0.192,0.999991,-0.192,-1.84799
1.07037,0.928589,0.19,1.00001,-0.19,-1.86001
1.06963,0.928558,0.188,0.999991,-0.188,-1.87199
1.06889,0.928558,0.186,0.999991,-0.186,-1.88399
1.06815,0.928589,0.184,1.00001,-0.184,-1.89601
1.06741,0.928558,0.182,0.999991,-0.182,-1.90799
1.06667,0.928589,0.18,1.00001,-0.18,-1.92001
1.06593,0.928558,0.178,0.999991,-0.178,-1.93199
1.06519,0.928589,0.176,1.00001,-0.176,-1.94401
1.06444,0.928558,0.174,0.999991,-0.174,-1.95599
1.0637,0.928558,0.172,0.999991,-0.172,-1.96799
1.06296,0.928589,0.17,1.00001,-0.17,-1.98001
1.06222,0.928558,0.168,0.999991,-0.168,-1.99199
1.06148,0.928589,0.166,1.00001,-0.166,-2.00401
1.06074,0.928558,0.164,0.999991,-0.164,-2.01599
1.06,0.928589,0.162,1.00001,-0.162,-2.02801
1.05926,0.928558,0.16,0.999991,-0.16,-2.03999
1.05852,0.928558,0.158,0.999991,-0.158,-2.05199
1.05778,0.928589,0.156,1.00001,-0.156,-2.06401
1.05704,0.928558,0.154,0.999991,-0.154,-2.07599
1.0563,0.928589,0.152,1.00001,-0.152,-2.08801
1.05556,0.928558,0.15,0.999991,-0.15,-2.09999
1.05481,0.928589,0.148,1.00001,-0.148,-2.11201
1.05407,0.928558,0.146,0.999991,-0.146,-2.12399
1.05333,0.928558,0.144,0.999991,-0.144,-2.13599
1.05259,0.928589,0.142,1.00001,-0.142,-2.14801
1.05185,0.928558,0.14,0.999991,-0.14,-2.15999
1.05111,0.928589,0.138,1.00001,-0.138,-2.17201
1.05037,0.928558,0.136,0.999991,-0.136,-2.18399
1.04963,0.928589,0.134,1.00001,-0.134,-2.19601
1.04889,0.928558,0.132,0.999991,-0.132,-2.20799
1.04815,0.928558,0.13,0.999991,-0.13,-2.21999
1.04741,0.928589,0.128,1.00001,-0.128,-2.23201
1.04667,0.928558,0.126,0.999991,-0.126,-2.24399
1.04593,0.928589,0.124,1.00001,-0.124,-2.25601
1.04519,0.928558,0.122,0.999991,-0.122,-2.26799
1.04444,0.928589,0.12,1.00001,-0.12,-2.28001
1.0437,0.928558,0.118,0.999991,-0.118,-2.29199
1.04296,0.928558,0.116,0.999991,-0.116,-2.30399
1.04222,0.928589,0.114,1.00001,-0.114,-2.31601
1.04148,0.928558,0.112,0.999991,-0.112,-2.32799
1.04074,0.928589,0.11,1.00001,-0.11,-2.34001
1.04,0.928558,0.108,0.999991,-0.108,-2.35199
1.03926,0.928589,0.106,1.00001,-0.106,-2.36401
1.03852,0.928558,0.104,0.999991,-0.104,-2.37599
1.03778,0.928558,0.102,0.999991,-0.102,-2.38799
1.03704,0.928589,0.1,1.00001,-0.1,-2.40001
1.0363,0.928558,0.0980002,0.999991,-0.098,-2.41199
1.03556,0.928589,0.0960001,1.00001,-0.096,-2.42401
1.03481,0.928558,0.0940001,0.999991,-0.094,-2.43599
1.03407,0.928589,0.092,1.00001,-0.092,-2.44801
1.03333,0.928558,0.0899999,0.999991,-0.09,-2.46
1.03259,0.928558,0.0879998,0.999991,-0.088,-2.472
1.03185,0.928589,0.0860001,1.00001,-0.086,-2.48401
1.03111,0.928558,0.084,0.999991,-0.084,-2.496
1.03037,0.928589,0.0820003,1.00001,-0.082,-2.50801
1.02963,0.928558,0.0800002,0.999991,-0.08,-2.51999
1.02889,0.928589,0.0780001,1.00001,-0.078,-2.53201
1.02815,0.928558,0.0760001,0.999991,-0.076,-2.544
1.02741,0.928558,0.074,0.999991,-0.074,-2.556
1.02667,0.928589,0.0719999,1.00001,-0.072,-2.56801
1.02593,0.928558,0.0700002,0.999991,-0.07,-2.58
1.02519,0.928589,0.0680001,1.00001,-0.068,-2.592
1.02444,0.928558,0.066,0.999991,-0.066,-2.604
1.0237,0.928589,0.0640003,1.00001,-0.064,-2.616
1.02296,0.928558,0.0620002,0.999991,-0.062,-2.628
1.02222,0.928558,0.0600002,0.999991,-0.06,-2.64
1.02148,0.928589,0.0580001,1.00001,-0.058,-2.652
1.02074,0.928558,0.056,0.999991,-0.056,-2.664
1.02,0.928589,0.0539999,1.00001,-0.054,-2.676
1.01926,0.928558,0.0520002,0.999991,-0.052,-2.688
1.01852,0.928589,0.0500001,1.00001,-0.05,-2.7
1.01778,0.928558,0.0480001,0.999991,-0.048,-2.712
1.01704,0.928558,0.0460003,0.999991,-0.046,-2.724
1.0163,0.928589,0.0440002,1.00001,-0.044,-2.736
1.01556,0.928558,0.0420002,0.999991,-0.042,-2.748
1.01481,0.928589,0.0400001,1.00001,-0.04,-2.76
1.01407,0.928558,0.038,0.999991,-0.038,-2.772
1.01333,0.928589,0.036,1.00001,-0.036,-2.784
1.01259,0.928558,0.0340002,0.999991,-0.034,-2.796
1.01185,0.928558,0.0320002,0.999991,-0.032,-2.808
1.01111,0.928589,0.0300001,1.00001,-0.03,-2.82
1.01037,0.928558,0.028,0.999991,-0.028,-2.832
1.00963,0.928589,0.0260003,1.00001,-0.026,-2.844
1.00889,0.928558,0.0240002,0.999991,-0.024,-2.856
1.00815,0.928589,0.0220001,1.00001,-0.022,-2.868
1.00741,0.928558,0.0200001,0.999991,-0.02,-2.88
1.00667,0.928558,0.018,0.999991,-0.018,-2.892
1.00593,0.928589,0.0160002,1.00001,-0.016,-2.904
1.00519,0.928558,0.0140002,0.999991,-0.014,-2.916
1.00444,0.928589,0.0120001,1.00001,-0.012,-2.928
1.0037,0.928558,0.0100003,0.999991,-0.01,-2.94
1.00296,0.928589,0.00800028,1.00001,-0.008,-2.952
1.00222,0.928558,0.00600021,0.999991,-0.006,-2.964
1.00148,0.928558,0.00400014,0.999991,-0.00400001,-2.976
1.00074,0.928589,0.00200007,1.00001,-0.002,-2.988
1,-0.5,0,0,0,-nan
0.999259,-1.92859,-0.00200007,-1.00001,0.002,-2.988
0.998519,-1.92856,-0.00399982,-0.999991,0.00399999,-2.976
0.997778,-1.92856,-0.00599989,-0.999991,0.006,-2.964
0.997037,-1.92859,-0.00799996,-1.00001,0.008,-2.952
0.996296,-1.92856,-0.01,-0.999991,0.00999999,-2.94
0.995556,-1.92859,-0.0119999,-1.00001,0.012,-2.928
0.994815,-1.92856,-0.0139998,-0.999991,0.014,-2.916
0.994074,-1.92859,-0.0160001,-1.00001,0.016,-2.904
0.993333,-1.92856,-0.018,-0.999991,0.018,-2.892
0.992593,-1.92856,-0.0200001,-0.999991,0.02,-2.88
0.991852,-1.92859,-0.0220001,-1.00001,0.022,-2.868
0.991111,-1.92856,-0.0239999,-0.999991,0.024,-2.856
0.99037,-1.92859,-0.0259999,-1.00001,0.026,-2.844
0.98963,-1.92856,-0.0279998,-0.999991,0.028,-2.832
0.988889,-1.92859,-0.0299999,-1.00001,0.03,-2.82
0.988148,-1.92856,-0.032,-0.999991,0.032,-2.808
0.987407,-1.92856,-0.0340001,-0.999991,0.034,-2.796
0.986667,-1.92859,-0.036,-1.00001,0.036,-2.784
0.985926,-1.92856,-0.038,-0.999991,0.038,-2.772
0.985185,-1.92859,-0.0400001,-1.00001,0.04,-2.76
0.984444,-1.92856,-0.0419999,-0.999991,0.042,-2.748
0.983704,-1.92859,-0.0439999,-1.00001,0.044,-2.736
0.982963,-1.92856,-0.0459998,-0.999991,0.046,-2.724
0.982222,-1.92856,-0.0479999,-0.999991,0.048,-2.712
0.981481,-1.92859,-0.05,-1.00001,0.05,-2.7
0.980741,-1.92856,-0.052,-0.999991,0.052,-2.688
0.98,-1.92859,-0.0539999,-1.00001,0.054,-2.676
0.979259,-1.92856,-0.056,-0.999991,0.056,-2.664
0.978518,-1.92859,-0.0580001,-1.00001,0.058,-2.652
0.977778,-1.92856,-0.0599998,-0.999991,0.06,-2.64
0.977037,-1.92856,-0.0619999,-0.999991,0.062,-2.628
0.976296,-1.92859,-0.064,-1.00001,0.064,-2.616
0.975556,-1.92856,-0.0659999,-0.999991,0.066,-2.604
0.974815,-1.92859,-0.068,-1.00001,0.068,-2.59201
0.974074,-1.92856,-0.0699999,-0.999991,0.07,-2.58
0.973333,-1.92859,-0.0720001,-1.00001,0.072,-2.568
0.972593,-1.92856,-0.074,-0.999991,0.074,-2.556
0.971852,-1.92856,-0.0759998,-0.999991,0.076,-2.544
0.971111,-1.92859,-0.0780001,-1.00001,0.078,-2.53201
0.97037,-1.92856,-0.0799999,-0.999991,0.08,-2.52
0.96963,-1.92859,-0.082,-1.00001,0.082,-2.50801
0.968889,-1.92856,-0.0839999,-0.999991,0.084,-2.496
0.968148,-1.92859,-0.0859999,-1.00001,0.086,-2.48401
0.967407,-1.92856,-0.088,-0.999991,0.088,-2.472
0.966667,-1.92856,-0.0900001,-0.999991,0.09,-2.45999
0.965926,-1.92859,-0.092,-1.00001,0.092,-2.44801
0.965185,-1.92856,-0.0940001,-0.999991,0.094,-2.43599
0.964445,-1.92859,-0.0959998,-1.00001,0.096,-2.42401
0.963704,-1.92856,-0.0979999,-0.999991,0.098,-2.41199
0.962963,-1.92859,-0.0999999,-1.00001,0.1,-2.40001
0.962222,-1.92856,-0.102,-0.999991,0.102,-2.38799
0.961482,-1.92856,-0.104,-0.999991,0.104,-2.37599
0.960741,-1.92859,-0.106,-1.00001,0.106,-2.36401
0.96,-1.92856,-0.108,-0.999991,0.108,-2.35199
0.959259,-1.92859,-0.11,-1.00001,0.11,-2.34001
0.958519,-1.92856,-0.112,-0.999991,0.112,-2.32799
0.957778,-1.92859,-0.114,-1.00001,0.114,-2.31601
0.957037,-1.92856,-0.116,-0.999991,0.116,-2.30399
0.956296,-1.92856,-0.118,-0.999991,0.118,-2.29199
0.955556,-1.92859,-0.12,-1.00001,0.12,-2.28001
0.954815,-1.92856,-0.122,-0.999991,0.122,-2.26799
0.954074,-1.92859,-0.124,-1.00001,0.124,-2.25601
0.953333,-1.92856,-0.126,-0.999991,0.126,-2.24399
0.952593,-1.92859,-0.128,-1.00001,0.128,-2.23201
0.951852,-1.92856,-0.13,-0.999991,0.13,-2.21999
0.951111,-1.92856,-0.132,-0.999991,0.132,-2.20799
0.95037,-1.92859,-0.134,-1.00001,0.134,-2.19601
0.94963,-1.92856,-0.136,-0.999991,0.136,-2.18399
0.948889,-1.92859,-0.138,-1.00001,0.138,-2.17201
0.948148,-1.92856,-0.14,-0.999991,0.14,-2.15999
0.947407,-1.92859,-0.142,-1.00001,0.142,-2.14801
0.946667,-1.92856,-0.144,-0.999991,0.144,-2.13599
0.945926,-1.92856,-0.146,-0.999991,0.146,-2.12399
0.945185,-1.92859,-0.148,-1.00001,0.148,-2.11201
0.944444,-1.92856,-0.15,-0.999991,0.15,-2.09999
0.943704,-1.92859,-0.152,-1.00001,0.152,-2.08801
0.942963,-1.92856,-0.154,-0.999991,0.154,-2.07599
0.942222,-1.92859,-0.156,-1.00001,0.156,-2.06401
0.941482,-1.92856,-0.158,-0.999991,0.158,-2.05199
0.940741,-1.92856,-0.16,-0.999991,0.16,-2.03999
0.94,-1.92859,-0.162,-1.00001,0.162,-2.02801
0.939259,-1.92856,-0.164,-0.999991,0.164,-2.01599
0.938519,-1.92859,-0.166,-1.00001,0.166,-2.00401
0.937778,-1.92856,-0.168,-0.999991,0.168,-1.99199
0.937037,-1.92859,-0.17,-1.00001,0.17,-1.98001
0.936296,-1.92856,-0.172,-0.999991,0.172,-1.96799
0.935556,-1.92856,-0.174,-0.999991,0.174,-1.95599
0.934815,-1.92859,-0.176,-1.00001,0.176,-1.94401
0.934074,-1.92856,-0.178,-0.999991,0.178,-1.93199
0.933333,-1.92859,-0.18,-1.00001,0.18,-1.92001
0.932593,-1.92856,-0.182,-0.999991,0.182,-1.90799
0.931852,-1.92859,-0.184,-1.00001,0.184,-1.89601
0.931111,-1.92856,-0.186,-0.999991,0.186,-1.88399
0.93037,-1.92856,-0.188,-0.999991,0.188,-1.87199
0.92963,-1.92859,-0.19,-1.00001,0.19,-1.86001
0.928889,-1.92856,-0.192,-0.999991,0.192,-1.84799
0.928148,-1.92859,-0.194,-1.00001,0.194,-1.83601
0.927407,-1.92856,-0.196,-0.999991,0.196,-1.82399
0.926667,-1.92859,-0.198,-1.00001,0.198,-1.81201
0.925926,-1.92856,-0.2,-0.999991,0.2,-1.79999
0.925185,-1.92856,-0.202,-0.999991,0.202,-1.78799
0.924444,-1.92859,-0.204,-1.00001,0.204,-1.77601
0.923704,-1.92856,-0.206,-0.999991,0.206,-1.76399
0.922963,-1.92859,-0.208,-1.00001,0.208,-1.75202
0.922222,-1.92856,-0.21,-0.999991,0.21,-1.73999
0.921482,-1.92859,-0.212,-1.00001,0.212,-1.72802
0.920741,-1.92856,-0.214,-0.999991,0.214,-1.71599
0.92,-1.92857,-0.216,-1,0.216,-1.704
0.919259,-1.92857,-0.218,-1,0.218,-1.692
0.918519,-1.92857,-0.22,-1,0.22,-1.68
0.917778,-1.92856,-0.222,-0.999991,0.222,-1.66799
0.917037,-1.92857,-0.224,-1,0.224,-1.656
0.916296,-1.92857,-0.226,-1,0.226,-1.644
0.915556,-1.92857,-0.228,-1,0.228,-1.632
0.914815,-1.92857,-0.23,-1,0.23,-1.62
0.914074,-1.92857,-0.232,-1,0.232,-1.608
0.913333,-1.92857,-0.234,-1,0.234,-1.596
0.912593,-1.92856,-0.236,-0.999991,0.236,-1.58399
0.911852,-1.92857,-0.238,-1,0.238,-1.572
0.911111,-1.92857,-0.24,-1,0.24,-1.56
0.91037,-1.92857,-0.242,-1,0.242,-1.548
0.90963,-1.92857,-0.244,-1,0.244,-1.536
0.908889,-1.92857,-0.246,-1,0.246,-1.524
0.908148,-1.92857,-0.248,-1,0.248,-1.512
0.907407,-1.92856,-0.25,-0.999991,0.25,-1.49999
0.906667,-1.92857,-0.252,-1,0.252,-1.488
0.905926,-1.92857,-0.254,-1,0.254,-1.476
0.905185,-1.92857,-0.256,-1,0.256,-1.464
0.904444,-1.92857,-0.258,-1,0.258,-1.452
0.903704,-1.92857,-0.26,-1,0.26,-1.44
0.902963,-1.92857,-0.262,-1,0.262,-1.428
0.902222,-1.92856,-0.264,-0.999991,0.264,-1.41599
0.901482,-1.92857,-0.266,-1,0.266,-1.404
0.900741,-1.92857,-0.268,-1,0.268,-1.392
0.9,-1.92857,-0.27,-1,0.27,-1.38
0.899259,-1.92857,-0.272,-1,0.272,-1.368
0.898519,-1.92857,-0.274,-1,0.274,-1.356
0.897778,-1.92857,-0.276,-1,0.276,-1.344
0.897037,-1.92856,-0.278,-0.999991,0.278,-1.33198
0.896296,-1.92857,-0.28,-1,0.28,-1.32
0.895556,-1.92857,-0.282,-1,0.282,-1.308
0.894815,-1.92857,-0.284,-1,0.284,-1.296
0.894074,-1.92857,-0.286,-1,0.286,-1.284
0.893333,-1.92857,-0.288,-1,0.288,-1.272
0.892593,-1.92857,-0.29,-1,0.29,-1.26
0.891852,-1.92856,-0.292,-0.999991,0.292,-1.24798
0.891111,-1.92857,-0.294,-1,0.294,-1.236
0.89037,-1.92857,-0.296,-1,0.296,-1.224
0.88963,-1.92857,-0.298,-1,0.298,-1.212
0.888889,-1.92857,-0.3,-1,0.3,-1.2
0.888148,-1.92857,-0.302,-1,0.302,-1.188
0.887407,-1.92857,-0.304,-1,0.304,-1.176
0.886667,-1.92856,-0.306,-0.999991,0.306,-1.16398
0.885926,-1.92857,-0.308,-1,0.308,-1.152
0.885185,-1.92857,-0.31,-1,0.31,-1.14
0.884444,-1.92857,-0.312,-1,0.312,-1.128
0.883704,-1.92857,-0.314,-1,0.314,-1.116
0.882963,-1.92857,-0.316,-1,0.316,-1.104
0.882222,-1.92857,-0.318,-1,0.318,-1.092
0.881482,-1.92856,-0.32,-0.999991,0.32,-1.07998
0.880741,-1.92857,-0.322,-1,0.322,-1.068
0.88,-1.92857,-0.324,-1,0.324,-1.056
0.879259,-1.92857,-0.326,-1,0.326,-1.044
0.878519,-1.92857,-0.328,-1,0.328,-1.032
0.877778,-1.92857,-0.33,-1,0.33,-1.02
0.877037,-1.92857,-0.332,-1,0.332,-1.008
0.876296,-1.92856,-0.334,-0.999991,0.334,-0.995981
0.875556,-1.92857,-0.336,-1,0.336,-0.984004
0.874815,-1.92857,-0.338,-1,0.338,-0.972003
0.874074,-1.92857,-0.34,-1,0.34,-0.960003
0.873333,-1.92857,-0.342,-1,0.342,-0.948003
0.872593,-1.92857,-0.344,-1,0.344,-0.936003
0.871852,-1.92857,-0.346,-1,0.346,-0.924003
0.871111,-1.92857,-0.348,-0.999996,0.348,-0.911992
0.87037,-1.92857,-0.35,-1,0.35,-0.900003
0.86963,-1.92857,-0.352,-0.999996,0.352,-0.887992
0.868889,-1.92857,-0.354,-1,0.354,-0.876003
0.868148,-1.92857,-0.356,-1,0.356,-0.864004
0.867407,-1.92857,-0.358,-0.999996,0.358,-0.851992
0.866667,-1.92857,-0.36,-1,0.36,-0.840004
0.865926,-1.92857,-0.362,-1,0.362,-0.828004
0.865185,-1.92857,-0.364,-1,0.364,-0.816003
0.864444,-1.92857,-0.366,-0.999996,0.366,-0.803992
0.863704,-1.92857,-0.368,-1,0.368,-0.792004
0.862963,-1.92857,-0.37,-1,0.37,-0.780003
0.862222,-1.92857,-0.372,-0.999996,0.372,-0.767991
0.861482,-1.92857,-0.374,-1,0.374,-0.756004
0.860741,-1.92857,-0.376,-1,0.376,-0.744004
0.86,-1.92857,-0.378,-1,0.378,-0.732004
0.859259,-1.92857,-0.38,-0.999996,0.38,-0.719992
0.858519,-1.92857,-0.382,-1,0.382,-0.708004
0.857778,-1.92857,-0.384,-1,0.384,-0.696004
0.857037,-1.92857,-0.386,-0.999996,0.386,-0.683991
0.856296,-1.92857,-0.388,-1,0.388,-0.672004
0.855556,-1.92857,-0.39,-1,0.39,-0.660003
0.854815,-1.92857,-0.392,-1,0.392,-0.648004
0.854074,-1.92857,-0.394,-0.999996,0.394,-0.635991
0.853333,-1.92857,-0.396,-1,0.396,-0.624004
0.852593,-1.92857,-0.398,-1,0.398,-0.612004
0.851852,-1.92857,-0.4,-0.999996,0.4,-0.599991
0.851111,-1.92857,-0.402,-1,0.402,-0.588004
0.85037,-1.92857,-0.404,-1,0.404,-0.576004
0.84963,-1.92857,-0.406,-1,0.406,-0.564004
0.848889,-1.92857,-0.408,-0.999996,0.408,-0.551991
0.848148,-1.92857,-0.41,-1,0.41,-0.540003
0.847407,-1.92857,-0.412,-1,0.412,-0.528004
0.846667,-1.92857,-0.414,-0.999999,0.414,-0.515997
0.845926,-1.92857,-0.416,-0.999999,0.416,-0.503998
0.845185,-1.92857,-0.418,-1,0.418,-0.492004
0.844444,-1.92857,-0.42,-0.999999,0.42,-0.479997
0.843704,-1.92857,-0.422,-1,0.422,-0.468004
0.842963,-1.92857,-0.424,-0.999999,0.424,-0.455997
0.842222,-1.92857,-0.426,-0.999999,0.426,-0.443997
0.841482,-1.92857,-0.428,-1,0.428,-0.432005
0.840741,-1.92857,-0.43,-0.999999,0.43,-0.419997
0.84,-1.92857,-0.432,-1,0.432,-0.408004
0.839259,-1.92857,-0.434,-0.999999,0.434,-0.395997
0.838519,-1.92857,-0.436,-1,0.436,-0.384004
0.837778,-1.92857,-0.438,-0.999999,0.438,-0.371997
0.837037,-1.92857,-0.44,-0.999999,0.44,-0.359997
0.836296,-1.92857,-0.442,-1,0.442,-0.348004
0.835556,-1.92857,-0.444,-0.999999,0.444,-0.335997
0.834815,-1.92857,-0.446,-1,0.446,-0.324004
0.834074,-1.92857,-0.448,-0.999999,0.448,-0.311997
0.833333,-1.92857,-0.45,-1,0.45,-0.300001
0.832593,-1.92857,-0.452,-1,0.452,-0.288
0.831852,-1.92857,-0.454,-1,0.454,-0.276001
0.831111,-1.92857,-0.456,-1,0.456,-0.264
0.83037,-1.92857,-0.458,-1,0.458,-0.252
0.82963,-1.92857,-0.46,-0.999999,0.46,-0.239996
0.828889,-1.92857,-0.462,-1,0.462,-0.228
0.828148,-1.92857,-0.464,-1,0.464,-0.216
0.827407,-1.92857,-0.466,-1,0.466,-0.204
0.826667,-1.92857,-0.468,-1,0.468,-0.192001
0.825926,-1.92857,-0.47,-1,0.47,-0.179999
0.825185,-1.92857,-0.472,-1,0.472,-0.168
0.824444,-1.92857,-0.474,-1,0.474,-0.156
0.823704,-1.92857,-0.476,-1,0.476,-0.144
0.822963,-1.92857,-0.478,-1,0.478,-0.132
0.822222,-1.92857,-0.48,-1,0.48,-0.12
0.821481,-1.92857,-0.482,-1,0.482,-0.108
0.820741,-1.92857,-0.484,-1,0.484,-0.0959995
0.82,-1.92857,-0.486,-1,0.486,-0.0839999
0.819259,-1.92857,-0.488,-1,0.488,-0.0720003
0.818519,-1.92857,-0.49,-1,0.49,-0.0600007
0.817778,-1.92857,-0.492,-1,0.492,-0.0479989
0.817037,-1.92857,-0.494,-1,0.494,-0.036
0.816296,-1.92857,-0.496,-1,0.496,-0.0240006
0.815556,-1.92857,-0.498,-1,0.498,-0.0120003
0.814815,-1.92857,-0.5,-1,0.5,-2.38419e-07
0.814074,-1.92857,-0.502,-0.999999,0.502,0.0120039
0.813333,-1.92857,-0.504,-1,0.504,0.0239992
0.812593,-1.92857,-0.506,-1,0.506,0.0359991
0.811852,-1.92857,-0.508,-1,0.508,0.0479989
0.811111,-1.92857,-0.51,-1,0.51,0.059999
0.81037,-1.92857,-0.512,-1,0.512,0.0719993
0.80963,-1.92857,-0.514,-0.999999,0.514,0.0840039
0.808889,-1.92857,-0.516,-1,0.516,0.0959954
0.808148,-1.92857,-0.518,-0.999999,0.518,0.108004
0.807407,-1.92857,-0.52,-1,0.52,0.119996
0.806667,-1.92857,-0.522,-0.999999,0.522,0.132003
0.805926,-1.92857,-0.524,-0.999999,0.524,0.144003
0.805185,-1.92857,-0.526,-1,0.526,0.155995
0.804444,-1.92857,-0.528,-0.999999,0.528,0.168003
0.803704,-1.92857,-0.53,-1,0.53,0.179995
0.802963,-1.92857,-0.532,-0.999999,0.532,0.192003
0.802222,-1.92857,-0.534,-1,0.534,0.203995
0.801481,-1.92857,-0.536,-0.999999,0.536,0.216004
0.800741,-1.92857,-0.538,-0.999999,0.538,0.228004
0.8,-1.92857,-0.54,-1,0.54,0.239995
0.799259,-1.92857,-0.542,-0.999999,0.542,0.252003
0.798519,-1.92857,-0.544,-1,0.544,0.263995
0.797778,-1.92857,-0.546,-0.999999,0.546,0.276003
0.797037,-1.92857,-0.548,-0.999999,0.548,0.288004
0.796296,-1.92857,-0.55,-1,0.55,0.299995
0.795556,-1.92857,-0.552,-1,0.552,0.311994
0.794815,-1.92857,-0.554,-0.999996,0.554,0.324013
0.794074,-1.92857,-0.556,-1,0.556,0.335995
0.793333,-1.92857,-0.558,-1,0.558,0.347994
0.792593,-1.92857,-0.56,-1,0.56,0.359994
0.791852,-1.92857,-0.562,-0.999996,0.562,0.372013
0.791111,-1.92857,-0.564,-1,0.564,0.383995
0.79037,-1.92857,-0.566,-1,0.566,0.395995
0.78963,-1.92857,-0.568,-0.999996,0.568,0.408013
0.788889,-1.92857,-0.57,-1,0.57,0.419995
0.788148,-1.92857,-0.572,-1,0.572,0.431995
0.787407,-1.92857,-0.574,-1,0.574,0.443995
0.786667,-1.92857,-0.576,-0.999996,0.576,0.456012
0.785926,-1.92857,-0.578,-1,0.578,0.467994
0.785185,-1.92857,-0.58,-1,0.58,0.479994
0.784445,-1.92857,-0.582,-0.999996,0.582,0.492013
0.783704,-1.92857,-0.584,-1,0.584,0.503994
0.782963,-1.92857,-0.586,-1,0.586,0.515994
0.782222,-1.92857,-0.588,-1,0.588,0.527995
0.781482,-1.92857,-0.59,-0.999996,0.59,0.540014
0.780741,-1.92857,-0.592,-1,0.592,0.551995
0.78,-1.92857,-0.594,-1,0.594,0.563995
0.779259,-1.92857,-0.596,-0.999996,0.596,0.576014
0.778519,-1.92857,-0.598,-1,0.598,0.587994
0.777778,-1.92857,-0.6,-1,0.6,0.599994
0.777037,-1.92857,-0.602,-1,0.602,0.611994
0.776296,-1.92857,-0.604,-0.999996,0.604,0.624014
0.775556,-1.92857,-0.606,-1,0.606,0.635994
0.774815,-1.92857,-0.608,-1,0.608,0.647994
0.774074,-1.92857,-0.61,-0.999996,0.61,0.660014
0.773333,-1.92857,-0.612,-1,0.612,0.671994
0.772593,-1.92857,-0.614,-0.999996,0.614,0.684015
0.771852,-1.92857,-0.616,-1,0.616,0.695994
0.771111,-1.92857,-0.618,-1,0.618,0.707994
0.77037,-1.92857,-0.62,-1,0.62,0.719994
0.76963,-1.92857,-0.622,-1,0.622,0.731994
0.768889,-1.92857,-0.624,-1,0.624,0.743994
0.768148,-1.92857,-0.626,-1,0.626,0.755994
0.767407,-1.92856,-0.628,-0.999991,0.628,0.768035
0.766667,-1.92857,-0.63,-1,0.63,0.779994
0.765926,-1.92857,-0.632,-1,0.632,0.791993
0.765185,-1.92857,-0.634,-1,0.634,0.803994
0.764444,-1.92857,-0.636,-1,0.636,0.815994
0.763704,-1.92857,-0.638,-1,0.638,0.827993
0.762963,-1.92857,-0.64,-1,0.64,0.839994
0.762222,-1.92856,-0.642,-0.999991,0.642,0.852035
0.761482,-1.92857,-0.644,-1,0.644,0.863994
0.760741,-1.92857,-0.646,-1,0.646,0.875994
0.76,-1.92857,-0.648,-1,0.648,0.887994
0.759259,-1.92857,-0.65,-1,0.65,0.899995
0.758519,-1.92857,-0.652,-1,0.652,0.911994
0.757778,-1.92857,-0.654,-1,0.654,0.923993
0.757037,-1.92856,-0.656,-0.999991,0.656,0.936036
0.756296,-1.92857,-0.658,-1,0.658,0.947993
0.755556,-1.92857,-0.66,-1,0.66,0.959994
0.754815,-1.92857,-0.662,-1,0.662,0.971994
0.754074,-1.92857,-0.664,-1,0.664,0.983994
0.753333,-1.92857,-0.666,-1,0.666,0.995994
0.752593,-1.92857,-0.668,-1,0.668,1.00799
0.751852,-1.92856,-0.67,-0.999991,0.67,1.02004
0.751111,-1.92857,-0.672,-1,0.672,1.03199
0.75037,-1.92857,-0.674,-1,0.674,1.04399
0.74963,-1.92857,-0.676,-1,0.676,1.05599
0.748889,-1.92857,-0.678,-1,0.678,1.06799
0.748148,-1.92857,-0.68,-1,0.68,1.07999
0.747407,-1.92857,-0.682,-1,0.682,1.09199
0.746667,-1.92856,-0.684,-0.999991,0.684,1.10404
0.745926,-1.92857,-0.686,-1,0.686,1.11599
0.745185,-1.92857,-0.688,-1,0.688,1.12799
0.744444,-1.92857,-0.69,-1,0.69,1.13999
0.743704,-1.92857,-0.692,-1,0.692,1.15199
0.742963,-1.92857,-0.694,-1,0.694,1.16399
0.742222,-1.92857,-0.696,-1,0.696,1.17599
0.741481,-1.92856,-0.698,-0.999991,0.698,1.18804
0.740741,-1.92857,-0.7,-1,0.7,1.19999
0.74,-1.92857,-0.702,-1,0.702,1.21199
0.739259,-1.92857,-0.704,-1,0.704,1.22399
0.738519,-1.92857,-0.706,-1,0.706,1.23599
0.737778,-1.92857,-0.708,-1,0.708,1.24799
0.737037,-1.92857,-0.71,-1,0.71,1.25999
0.736296,-1.92856,-0.712,-0.999991,0.712,1.27204
0.735556,-1.92857,-0.714,-1,0.714,1.28399
0.734815,-1.92857,-0.716,-1,0.716,1.29599
0.734074,-1.92857,-0.718,-1,0.718,1.30799
0.733333,-1.92857,-0.72,-1,0.72,1.31999
0.732593,-1.92857,-0.722,-1,0.722,1.33199
0.731852,-1.92857,-0.724,-1,0.724,1.34399
0.731111,-1.92856,-0.726,-0.999991,0.726,1.35604
0.73037,-1.92857,-0.728,-1,0.728,1.36799
0.72963,-1.92857,-0.73,-1,0.73,1.37999
0.728889,-1.92857,-0.732,-1,0.732,1.39199
0.728148,-1.92857,-0.734,-1,0.734,1.40399
0.727407,-1.92857,-0.736,-1,0.736,1.41599
0.726667,-1.92857,-0.738,-1,0.738,1.42799
0.725926,-1.92856,-0.74,-0.999991,0.74,1.44004
0.725185,-1.92857,-0.742,-1,0.742,1.45199
0.724445,-1.92857,-0.744,-1,0.744,1.46399
0.723704,-1.92857,-0.746,-1,0.746,1.47599
0.722963,-1.92856,-0.748,-0.999991,0.748,1.48804
0.722222,-1.92859,-0.75,-1.00001,0.75,1.49994
0.721482,-1.92856,-0.752,-0.999991,0.752,1.51204
0.720741,-1.92859,-0.754,-1.00001,0.754,1.52395
0.72,-1.92856,-0.756,-0.999991,0.756,1.53604
0.719259,-1.92859,-0.758,-1.00001,0.758,1.54795
0.718518,-1.92856,-0.76,-0.999991,0.76,1.56004
0.717778,-1.92856,-0.762,-0.999991,0.762,1.57204
0.717037,-1.92859,-0.764,-1.00001,0.764,1.58394
0.716296,-1.92856,-0.766,-0.999991,0.766,1.59604
0.715556,-1.92859,-0.768,-1.00001,0.768,1.60794
0.714815,-1.92856,-0.77,-0.999991,0.77,1.62004
0.714074,-1.92859,-0.772,-1.00001,0.772,1.63194
0.713333,-1.92856,-0.774,-0.999991,0.774,1.64404
0.712593,-1.92856,-0.776,-0.999991,0.776,1.65604
0.711852,-1.92859,-0.778,-1.00001,0.778,1.66794
0.711111,-1.92856,-0.78,-0.999991,0.78,1.68004
0.71037,-1.92859,-0.782,-1.00001,0.782,1.69194
0.70963,-1.92856,-0.784,-0.999991,0.784,1.70404
0.708889,-1.92859,-0.786,-1.00001,0.786,1.71594
0.708148,-1.92856,-0.788,-0.999991,0.788,1.72804
0.707407,-1.92856,-0.79,-0.999991,0.79,1.74004
0.706667,-1.92859,-0.792,-1.00001,0.792,1.75194
0.705926,-1.92856,-0.794,-0.999991,0.794,1.76404
0.705185,-1.92859,-0.796,-1.00001,0.796,1.77594
0.704445,-1.92856,-0.798,-0.999991,0.798,1.78804
0.703704,-1.92859,-0.8,-1.00001,0.8,1.79994
0.702963,-1.92856,-0.802,-0.999991,0.802,1.81204
0.702222,-1.92856,-0.804,-0.999991,0.804,1.82404
0.701482,-1.92859,-0.806,-1.00001,0.806,1.83594
0.700741,-1.92856,-0.808,-0.999991,0.808,1.84804
0.7,-1.92859,-0.81,-1.00001,0.81,1.85994
0.699259,-1.92856,-0.812,-0.999991,0.812,1.87204
0.698519,-1.92859,-0.814,-1.00001,0.814,1.88394
0.697778,-1.92856,-0.816,-0.999991,0.816,1.89605
0.697037,-1.92856,-0.818,-0.999991,0.818,1.90804
0.696296,-1.92859,-0.82,-1.00001,0.82,1.91994
0.695556,-1.92856,-0.822,-0.999991,0.822,1.93204
0.694815,-1.92859,-0.824,-1.00001,0.824,1.94394
0.694074,-1.92856,-0.826,-0.999991,0.826,1.95605
0.693333,-1.92859,-0.828,-1.00001,0.828,1.96794
0.692593,-1.92856,-0.83,-0.999991,0.83,1.98005
0.691852,-1.92856,-0.832,-0.999991,0.832,1.99205
0.691111,-1.92859,-0.834,-1.00001,0.834,2.00394
0.69037,-1.92856,-0.836,-0.999991,0.836,2.01605
0.68963,-1.92859,-0.838,-1.00001,0.838,2.02794
0.688889,-1.92856,-0.84,-0.999991,0.84,2.04005
0.688148,-1.92859,-0.842,-1.00001,0.842,2.05194
0.687407,-1.92856,-0.844,-0.999991,0.844,2.06405
0.686667,-1.92856,-0.846,-0.999991,0.846,2.07605
0.685926,-1.92859,-0.848,-1.00001,0.848,2.08794
0.685185,-1.92856,-0.85,-0.999991,0.85,2.10005
0.684444,-1.92859,-0.852,-1.00001,0.852,2.11194
0.683704,-1.92856,-0.854,-0.999991,0.854,2.12405
0.682963,-1.92859,-0.856,-1.00001,0.856,2.13594
0.682222,-1.92856,-0.858,-0.999991,0.858,2.14805
0.681482,-1.92856,-0.86,-0.999991,0.86,2.16005
0.680741,-1.92859,-0.862,-1.00001,0.862,2.17194
0.68,-1.92856,-0.864,-0.999991,0.864,2.18405
0.679259,-1.92859,-0.866,-1.00001,0.866,2.19594
0.678519,-1.92856,-0.868,-0.999991,0.868,2.20805
0.677778,-1.92859,-0.87,-1.00001,0.87,2.21994
0.677037,-1.92856,-0.872,-0.999991,0.872,2.23205
0.676296,-1.92856,-0.874,-0.999991,0.874,2.24405
0.675556,-1.92859,-0.876,-1.00001,0.876,2.25594
0.674815,-1.92856,-0.878,-0.999991,0.878,2.26805
0.674074,-1.92859,-0.88,-1.00001,0.88,2.27994
0.673333,-1.92856,-0.882,-0.999991,0.882,2.29205
0.672593,-1.92859,-0.884,-1.00001,0.884,2.30394
0.671852,-1.92856,-0.886,-0.999991,0.886,2.31605
0.671111,-1.92856,-0.888,-0.999991,0.888,2.32805
0.67037,-1.92859,-0.89,-1.00001,0.89,2.33993
0.66963,-1.92856,-0.892,-0.999991,0.892,2.35205
0.668889,-1.92859,-0.894,-1.00001,0.894,2.36393
0.668148,-1.92856,-0.896,-0.999991,0.896,2.37605
0.667407,-1.92859,-0.898,-1.00001,0.898,2.38793
0.666667,-1.92856,-0.9,-0.999991,0.9,2.40005
0.665926,-1.92856,-0.902,-0.999991,0.902,2.41205
0.665185,-1.92859,-0.904,-1.00001,0.904,2.42393
0.664444,-1.92856,-0.906,-0.999991,0.906,2.43605
0.663704,-1.92859,-0.908,-1.00001,0.908,2.44793
0.662963,-1.92856,-0.91,-0.999991,0.91,2.46005
0.662222,-1.92859,-0.912,-1.00001,0.912,2.47193
0.661481,-1.92856,-0.914,-0.999991,0.914,2.48405
0.660741,-1.92856,-0.916,-0.999991,0.916,2.49605
0.66,-1.92859,-0.918,-1.00001,0.918,2.50793
0.659259,-1.92856,-0.92,-0.999991,0.92,2.52005
0.658519,-1.92859,-0.922,-1.00001,0.922,2.53193
0.657778,-1.92856,-0.924,-0.999991,0.924,2.54405
0.657037,-1.92859,-0.926,-1.00001,0.926,2.55593
0.656296,-1.92856,-0.928,-0.999991,0.928,2.56805
0.655556,-1.92856,-0.93,-0.999991,0.93,2.58005
0.654815,-1.92859,-0.932,-1.00001,0.932,2.59193
0.654074,-1.92856,-0.934,-0.999991,0.934,2.60405
0.653333,-1.92859,-0.936,-1.00001,0.936,2.61593
0.652593,-1.92856,-0.938,-0.999991,0.938,2.62805
0.651852,-1.92859,-0.94,-1.00001,0.94,2.63993
0.651111,-1.92856,-0.942,-0.999991,0.942,2.65205
0.65037,-1.92856,-0.944,-0.999991,0.944,2.66405
0.64963,-1.92859,-0.946,-1.00001,0.946,2.67593
0.648889,-1.92856,-0.948,-0.999991,0.948,2.68805
0.648148,-1.92859,-0.95,-1.00001,0.95,2.69993
0.647407,-1.92856,-0.952,-0.999991,0.952,2.71205
0.646667,-1.92859,-0.954,-1.00001,0.954,2.72393
0.645926,-1.92856,-0.956,-0.999991,0.956,2.73605
0.645185,-1.92856,-0.958,-0.999991,0.958,2.74805
0.644444,-1.92859,-0.96,-1.00001,0.96,2.75993
0.643704,-1.92856,-0.962,-0.999991,0.962,2.77205
0.642963,-1.92859,-0.964,-1.00001,0.964,2.78393
0.642222,-1.92856,-0.966,-0.999991,0.966,2.79605
0.641482,-1.92859,-0.968,-1.00001,0.968,2.80793
0.640741,-1.92856,-0.97,-0.999991,0.97,2.82005
0.64,-1.92856,-0.972,-0.999991,0.972,2.83205
0.639259,-1.92859,-0.974,-1.00001,0.974,2.84393
0.638519,-1.92856,-0.976,-0.999991,0.976,2.85605
0.637778,-1.92859,-0.978,-1.00001,0.978,2.86793
0.637037,-1.92856,-0.98,-0.999991,0.98,2.88005
0.636296,-1.92859,-0.982,-1.00001,0.982,2.89193
0.635556,-1.92856,-0.984,-0.999991,0.984,2.90405
0.634815,-1.92856,-0.986,-0.999991,0.986,2.91605
0.634074,-1.92859,-0.988,-1.00001,0.988,2.92793
0.633333,-1.92856,-0.99,-0.999991,0.99,2.94005
0.632593,-1.92859,-0.992,-1.00001,0.992,2.95193
0.631852,-1.92856,-0.994,-0.999991,0.994,2.96406
0.631111,-1.92859,-0.996,-1.00001,0.996,2.97593
0.63037,-1.92856,-0.998,-0.999991,0.998,2.98805
1.37037,-0.5,1,0,-1,inf
1.36963,0.928558,0.998,0.999991,-0.998,2.98805
1.36889,0.928589,0.996,1.00001,-0.996,2.97593
1.36815,0.928558,0.994,0.999991,-0.994,2.96406
1.36741,0.928589,0.992,1.00001,-0.992,2.95193
1.36667,0.928558,0.99,0.999991,-0.99,2.94005
1.36593,0.928589,0.988,1.00001,-0.988,2.92793
1.36519,0.928558,0.986,0.999991,-0.986,2.91605
1.36444,0.928558,0.984,0.999991,-0.984,2.90405
1.3637,0.928589,0.982,1.00001,-0.982,2.89193
1.36296,0.928558,0.98,0.999991,-0.98,2.88005
1.36222,0.928589,0.978,1.00001,-0.978,2.86793
1.36148,0.928558,0.976,0.999991,-0.976,2.85605
1.36074,0.928589,0.974,1.00001,-0.974,2.84393
1.36,0.928558,0.972,0.999991,-0.972,2.83205
1.35926,0.928558,0.97,0.999991,-0.97,2.82005
1.35852,0.928589,0.968,1.00001,-0.968,2.80793
1.35778,0.928558,0.966,0.999991,-0.966,2.79605
1.35704,0.928589,0.964,1.00001,-0.964,2.78393
1.3563,0.928558,0.962,0.999991,-0.962,2.77205
1.35556,0.928589,0.96,1.00001,-0.96,2.75993
1.35481,0.928558,0.958,0.999991,-0.958,2.74805
1.35407,0.928558,0.956,0.999991,-0.956,2.73605
1.35333,0.928589,0.954,1.00001,-0.954,2.72393
1.35259,0.928558,0.952,0.999991,-0.952,2.71205
1.35185,0.928589,0.95,1.00001,-0.95,2.69993
1.35111,0.928558,0.948,0.999991,-0.948,2.68805
1.35037,0.928589,0.946,1.00001,-0.946,2.67593
1.34963,0.928558,0.944,0.999991,-0.944,2.66405
1.34889,0.928558,0.942,0.999991,-0.942,2.65205
1.34815,0.928589,0.94,1.00001,-0.94,2.63993
1.34741,0.928558,0.938,0.999991,-0.938,2.62805
1.34667,0.928589,0.936,1.00001,-0.936,2.61593
1.34593,0.928558,0.934,0.999991,-0.934,2.60405
1.34519,0.928589,0.932,1.00001,-0.932,2.59193
1.34444,0.928558,0.93,0.999991,-0.93,2.58005
1.3437,0.928558,0.928,0.999991,-0.928,2.56805
1.34296,0.928589,0.926,1.00001,-0.926,2.55593
1.34222,0.928558,0.924,0.999991,-0.924,2.54405
1.34148,0.928589,0.922,1.00001,-0.922,2.53193
1.34074,0.928558,0.92,0.999991,-0.92,2.52005
1.34,0.928589,0.918,1.00001,-0.918,2.50793
1.33926,0.928558,0.916,0.999991,-0.916,2.49605
1.33852,0.928558,0.914,0.999991,-0.914,2.48405
1.33778,0.928589,0.912,1.00001,-0.912,2.47193
1.33704,0.928558,0.91,0.999991,-0.91,2.46005
1.3363,0.928589,0.908,1.00001,-0.908,2.44793
1.33556,0.928558,0.906,0.999991,-0.906,2.43605
1.33481,0.928589,0.904,1.00001,-0.904,2.42393
1.33407,0.928558,0.902,0.999991,-0.902,2.41205
1.33333,0.928558,0.9,0.999991,-0.9,2.40005
1.33259,0.928589,0.898,1.00001,-0.898,2.38793
1.33185,0.928558,0.896,0.999991,-0.896,2.37605
1.33111,0.928589,0.894,1.00001,-0.894,2.36394
1.33037,0.928558,0.892,0.999991,-0.892,2.35205
1.32963,0.928589,0.89,1.00001,-0.89,2.33994
1.32889,0.928558,0.888,0.999991,-0.888,2.32805
1.32815,0.928558,0.886,0.999991,-0.886,2.31605
1.32741,0.928589,0.884,1.00001,-0.884,2.30394
1.32667,0.928558,0.882,0.999991,-0.882,2.29205
1.32593,0.928589,0.88,1.00001,-0.88,2.27994
1.32519,0.928558,0.878,0.999991,-0.878,2.26805
1.32444,0.928589,0.876,1.00001,-0.876,2.25594
1.3237,0.928558,0.874,0.999991,-0.874,2.24405
1.32296,0.928558,0.872,0.999991,-0.872,2.23205
1.32222,0.928589,0.87,1.00001,-0.87,2.21994
1.32148,0.928558,0.868,0.999991,-0.868,2.20805
1.32074,0.928589,0.866,1.00001,-0.866,2.19594
1.32,0.928558,0.864,0.999991,-0.864,2.18405
1.31926,0.928589,0.862,1.00001,-0.862,2.17194
1.31852,0.928558,0.86,0.999991,-0.86,2.16005
1.31778,0.928558,0.858,0.999991,-0.858,2.14805
1.31704,0.928589,0.856,1.00001,-0.856,2.13594
1.3163,0.928558,0.854,0.999991,-0.854,2.12405
1.31556,0.928589,0.852,1.00001,-0.852,2.11194
1.31481,0.928558,0.85,0.999991,-0.85,2.10005
1.31407,0.928589,0.848,1.00001,-0.848,2.08794
1.31333,0.928558,0.846,0.999991,-0.846,2.07605
1.31259,0.928558,0.844,0.999991,-0.844,2.06405
1.31185,0.928589,0.842,1.00001,-0.842,2.05194
1.31111,0.928558,0.84,0.999991,-0.84,2.04005
1.31037,0.928589,0.838,1.00001,-0.838,2.02794
1.30963,0.928558,0.836,0.999991,-0.836,2.01605
1.30889,0.928589,0.834,1.00001,-0.834,2.00394
1.30815,0.928558,0.832,0.999991,-0.832,1.99205
1.30741,0.928558,0.83,0.999991,-0.83,1.98005
1.30667,0.928589,0.828,1.00001,-0.828,1.96794
1.30593,0.928558,0.826,0.999991,-0.826,1.95605
1.30519,0.928589,0.824,1.00001,-0.824,1.94394
1.30444,0.928558,0.822,0.999991,-0.822,1.93205
1.3037,0.928589,0.82,1.00001,-0.82,1.91994
1.30296,0.928558,0.818,0.999991,-0.818,1.90805
1.30222,0.928558,0.816,0.999991,-0.816,1.89605
1.30148,0.928589,0.814,1.00001,-0.814,1.88394
1.30074,0.928558,0.812,0.999991,-0.812,1.87204
1.3,0.928589,0.81,1.00001,-0.81,1.85994
1.29926,0.928558,0.808,0.999991,-0.808,1.84804
1.29852,0.928589,0.806,1.00001,-0.806,1.83594
1.29778,0.928558,0.804,0.999991,-0.804,1.82405
1.29704,0.928558,0.802,0.999991,-0.802,1.81205
1.2963,0.928589,0.8,1.00001,-0.8,1.79994
1.29556,0.928558,0.798,0.999991,-0.798,1.78804
1.29481,0.928589,0.796,1.00001,-0.796,1.77594
1.29407,0.928558,0.794,0.999991,-0.794,1.76404
1.29333,0.928589,0.792,1.00001,-0.792,1.75194
1.29259,0.928558,0.79,0.999991,-0.79,1.74004
1.29185,0.928558,0.788,0.999991,-0.788,1.72804
1.29111,0.928589,0.786,1.00001,-0.786,1.71594
1.29037,0.928558,0.784,0.999991,-0.784,1.70404
1.28963,0.928589,0.782,1.00001,-0.782,1.69194
1.28889,0.928558,0.78,0.999991,-0.78,1.68004
1.28815,0.928589,0.778,1.00001,-0.778,1.66794
1.28741,0.928558,0.776,0.999991,-0.776,1.65604
1.28667,0.928558,0.774,0.999991,-0.774,1.64404
1.28593,0.928589,0.772,1.00001,-0.772,1.63194
1.28519,0.928558,0.77,0.999991,-0.77,1.62004
1.28444,0.928589,0.768,1.00001,-0.768,1.60794
1.2837,0.928558,0.766,0.999991,-0.766,1.59604
1.28296,0.928589,0.764,1.00001,-0.764,1.58394
1.28222,0.928558,0.762,0.999991,-0.762,1.57204
1.28148,0.928558,0.76,0.999991,-0.76,1.56004
1.28074,0.928589,0.758,1.00001,-0.758,1.54795
1.28,0.928558,0.756,0.999991,-0.756,1.53604
1.27926,0.928589,0.754,1.00001,-0.754,1.52395
1.27852,0.928558,0.752,0.999991,-0.752,1.51204
1.27778,0.928589,0.75,1.00001,-0.75,1.49995
1.27704,0.928558,0.748,0.999991,-0.748,1.48804
1.2763,0.928558,0.746,0.999991,-0.746,1.47604
1.27556,0.928589,0.744,1.00001,-0.744,1.46395
1.27481,0.928558,0.742,0.999991,-0.742,1.45204
1.27407,0.928589,0.74,1.00001,-0.74,1.43995
1.27333,0.928558,0.738,0.999991,-0.738,1.42804
1.27259,0.928589,0.736,1.00001,-0.736,1.41595
1.27185,0.928558,0.734,0.999991,-0.734,1.40404
1.27111,0.928558,0.732,0.999991,-0.732,1.39204
1.27037,0.928589,0.73,1.00001,-0.73,1.37995
1.26963,0.928558,0.728,0.999991,-0.728,1.36804
1.26889,0.928589,0.726,1.00001,-0.726,1.35595
1.26815,0.928558,0.724,0.999991,-0.724,1.34404
1.26741,0.928589,0.722,1.00001,-0.722,1.33195
1.26667,0.928558,0.72,0.999991,-0.72,1.32004
1.26593,0.928558,0.718,0.999991,-0.718,1.30804
1.26519,0.928589,0.716,1.00001,-0.716,1.29595
1.26444,0.928558,0.714,0.999991,-0.714,1.28404
1.2637,0.928589,0.712,1.00001,-0.712,1.27195
1.26296,0.928558,0.71,0.999991,-0.71,1.26004
1.26222,0.928589,0.708,1.00001,-0.708,1.24795
1.26148,0.928558,0.706,0.999991,-0.706,1.23604
1.26074,0.928558,0.704,0.999991,-0.704,1.22404
1.26,0.928589,0.702,1.00001,-0.702,1.21195
1.25926,0.928558,0.7,0.999991,-0.7,1.20004
1.25852,0.928589,0.698,1.00001,-0.698,1.18795
1.25778,0.928558,0.696,0.999991,-0.696,1.17604
1.25704,0.928589,0.694,1.00001,-0.694,1.16395
1.2563,0.928558,0.692,0.999991,-0.692,1.15204
1.25556,0.928558,0.69,0.999991,-0.69,1.14004
1.25481,0.928589,0.688,1.00001,-0.688,1.12795
1.25407,0.928558,0.686,0.999991,-0.686,1.11604
1.25333,0.928589,0.684,1.00001,-0.684,1.10395
1.25259,0.928558,0.682,0.999991,-0.682,1.09204
1.25185,0.928589,0.68,1.00001,-0.68,1.07995
1.25111,0.928558,0.678,0.999991,-0.678,1.06804
1.25037,0.928558,0.676,0.999991,-0.676,1.05604
1.24963,0.928589,0.674,1.00001,-0.674,1.04395
1.24889,0.928558,0.672,0.999991,-0.672,1.03204
1.24815,0.928589,0.67,1.00001,-0.67,1.01995
1.24741,0.928558,0.668,0.999991,-0.668,1.00804
1.24667,0.928589,0.666,1.00001,-0.666,0.995951
1.24593,0.928558,0.664,0.999991,-0.664,0.984036
1.24519,0.928558,0.662,0.999991,-0.662,0.972037
1.24444,0.928589,0.66,1.00001,-0.66,0.959952
1.2437,0.928558,0.658,0.999991,-0.658,0.948036
1.24296,0.928589,0.656,1.00001,-0.656,0.935953
1.24222,0.928558,0.654,0.999991,-0.654,0.924037
1.24148,0.928589,0.652,1.00001,-0.652,0.911953
1.24074,0.928558,0.65,0.999991,-0.65,0.900036
1.24,0.928558,0.648,0.999991,-0.648,0.888036
1.23926,0.928589,0.646,1.00001,-0.646,0.875953
1.23852,0.928558,0.644,0.999991,-0.644,0.864036
1.23778,0.928589,0.642,1.00001,-0.642,0.851954
1.23704,0.928558,0.64,0.999991,-0.64,0.840035
1.2363,0.928589,0.638,1.00001,-0.638,0.827954
1.23556,0.928558,0.636,0.999991,-0.636,0.816036
1.23481,0.928558,0.634,0.999991,-0.634,0.804035
1.23407,0.928589,0.632,1.00001,-0.632,0.791955
1.23333,0.928558,0.63,0.999991,-0.63,0.780035
1.23259,0.928589,0.628,1.00001,-0.628,0.767954
1.23185,0.928558,0.626,0.999991,-0.626,0.756035
1.23111,0.928589,0.624,1.00001,-0.624,0.743955
1.23037,0.928558,0.622,0.999991,-0.622,0.732035
1.22963,0.928558,0.62,0.999991,-0.62,0.720035
1.22889,0.928589,0.618,1.00001,-0.618,0.707956
1.22815,0.928558,0.616,0.999991,-0.616,0.696034
1.22741,0.928589,0.614,1.00001,-0.614,0.683956
1.22667,0.928558,0.612,0.999991,-0.612,0.672034
1.22593,0.928589,0.61,1.00001,-0.61,0.659956
1.22519,0.928558,0.608,0.999991,-0.608,0.648033
1.22444,0.928558,0.606,0.999991,-0.606,0.636034
1.2237,0.928589,0.604,1.00001,-0.604,0.623956
1.22296,0.928558,0.602,0.999991,-0.602,0.612033
1.22222,0.928589,0.6,1.00001,-0.6,0.599957
1.22148,0.928558,0.598,0.999991,-0.598,0.588034
1.22074,0.928589,0.596,1.00001,-0.596,0.575957
1.22,0.928558,0.594,0.999991,-0.594,0.564033
1.21926,0.928558,0.592,0.999991,-0.592,0.552033
1.21852,0.928589,0.59,1.00001,-0.59,0.539957
1.21778,0.928558,0.588,0.999991,-0.588,0.528033
1.21704,0.928589,0.586,1.00001,-0.586,0.515958
1.2163,0.928558,0.584,0.999991,-0.584,0.504032
1.21556,0.928589,0.582,1.00001,-0.582,0.491958
1.21481,0.928558,0.58,0.999991,-0.58,0.480032
1.21407,0.928558,0.578,0.999991,-0.578,0.468032
1.21333,0.928589,0.576,1.00001,-0.576,0.455958
1.21259,0.928558,0.574,0.999991,-0.574,0.444032
1.21185,0.928589,0.572,1.00001,-0.572,0.431958
1.21111,0.928558,0.57,0.999991,-0.57,0.420031
1.21037,0.928589,0.568,1.00001,-0.568,0.407959
1.20963,0.928558,0.566,0.999991,-0.566,0.396032
1.20889,0.928558,0.564,0.999991,-0.564,0.384031
1.20815,0.928589,0.562,1.00001,-0.562,0.37196
1.20741,0.928558,0.56,0.999991,-0.56,0.360031
1.20667,0.928589,0.558,1.00001,-0.558,0.34796
1.20593,0.928558,0.556,0.999991,-0.556,0.33603
1.20519,0.928589,0.554,1.00001,-0.554,0.32396
1.20444,0.928558,0.552,0.999991,-0.552,0.312031
1.2037,0.928558,0.55,0.999991,-0.55,0.300031
1.20296,0.928589,0.548,1.00001,-0.548,0.28796
1.20222,0.928558,0.546,0.999991,-0.546,0.27603
1.20148,0.928589,0.544,1.00001,-0.544,0.263961
1.20074,0.928558,0.542,0.999991,-0.542,0.252031
1.2,0.928589,0.54,1.00001,-0.54,0.239961
1.19926,0.928558,0.538,0.999991,-0.538,0.228029
1.19852,0.928558,0.536,0.999991,-0.536,0.21603
1.19778,0.928589,0.534,1.00001,-0.534,0.203961
1.19704,0.928558,0.532,0.999991,-0.532,0.19203
1.1963,0.928589,0.53,1.00001,-0.53,0.179962
1.19556,0.928558,0.528,0.999991,-0.528,0.168029
1.19481,0.928589,0.526,1.00001,-0.526,0.155962
1.19407,0.928558,0.524,0.999991,-0.524,0.144029
1.19333,0.928558,0.522,0.999991,-0.522,0.132029
1.19259,0.928589,0.52,1.00001,-0.52,0.119962
1.19185,0.928558,0.518,0.999991,-0.518,0.108029
1.19111,0.928589,0.516,1.00001,-0.516,0.0959625
1.19037,0.928558,0.514,0.999991,-0.514,0.084028
1.18963,0.928589,0.512,1.00001,-0.512,0.0719631
1.18889,0.928558,0.51,0.999991,-0.51,0.0600281
1.18815,0.928558,0.508,0.999991,-0.508,0.0480287
1.18741,0.928589,0.506,1.00001,-0.506,0.0359638
1.18667,0.928558,0.504,0.999991,-0.504,0.0240281
1.18593,0.928589,0.502,1.00001,-0.502,0.0119634
1.18519,0.928558,0.5,0.999991,-0.5,2.76566e-05
1.18444,0.928589,0.498,1.00001,-0.498,-0.0120363
1.1837,0.928558,0.496,0.999991,-0.496,-0.023973
1.18296,0.928558,0.494,0.999991,-0.494,-0.0359724
1.18222,0.928589,0.492,1.00001,-0.492,-0.0480359
1.18148,0.928558,0.49,0.999991,-0.49,-0.059972
1.18074,0.928589,0.488,1.00001,-0.488,-0.0720351
1.18,0.928558,0.486,0.999991,-0.486,-0.0839727
1.17926,0.928589,0.484,1.00001,-0.484,-0.0960348
1.17852,0.928558,0.482,0.999991,-0.482,-0.107973
1.17778,0.928558,0.48,0.999991,-0.48,-0.119973
1.17704,0.928589,0.478,1.00001,-0.478,-0.132035
1.1763,0.928558,0.476,0.999991,-0.476,-0.143973
1.17556,0.928574,0.474,1,-0.474,-0.156004
1.17481,0.928574,0.472,1,-0.472,-0.168003
1.17407,0.928574,0.47,1,-0.47,-0.180003
1.17333,0.928574,0.468,1,-0.468,-0.192004
1.17259,0.928574,0.466,1,-0.466,-0.204004
1.17185,0.928574,0.464,1,-0.464,-0.216004
1.17111,0.928574,0.462,1,-0.462,-0.228004
1.17037,0.928558,0.46,0.999991,-0.46,-0.239975
1.16963,0.928574,0.458,1,-0.458,-0.252004
1.16889,0.928574,0.456,1,-0.456,-0.264004
1.16815,0.928574,0.454,1,-0.454,-0.276004
1.16741,0.928574,0.452,1,-0.452,-0.288004
1.16667,0.928574,0.45,1,-0.45,-0.300004
1.16593,0.928574,0.448,1,-0.448,-0.312004
1.16519,0.928558,0.446,0.999991,-0.446,-0.323975
1.16444,0.928574,0.444,1,-0.444,-0.336004
1.1637,0.928574,0.442,1,-0.442,-0.348004
1.16296,0.928574,0.44,1,-0.44,-0.360003
1.16222,0.928574,0.438,1,-0.438,-0.372004
1.16148,0.928574,0.436,1,-0.436,-0.384004
1.16074,0.928574,0.434,1,-0.434,-0.396003
1.16,0.928558,0.432,0.999991,-0.432,-0.407976
1.15926,0.928574,0.43,1,-0.43,-0.420004
1.15852,0.928574,0.428,1,-0.428,-0.432004
1.15778,0.928574,0.426,1,-0.426,-0.444004
1.15704,0.928574,0.424,1,-0.424,-0.456004
1.1563,0.928574,0.422,1,-0.422,-0.468004
1.15556,0.928574,0.42,1,-0.42,-0.480003
1.15481,0.928558,0.418,0.999991,-0.418,-0.491976
1.15407,0.928574,0.416,1,-0.416,-0.504004
1.15333,0.928574,0.414,1,-0.414,-0.516003
1.15259,0.928574,0.412,1,-0.412,-0.528003
1.15185,0.928574,0.41,1,-0.41,-0.540004
1.15111,0.928574,0.408,1,-0.408,-0.552004
1.15037,0.928574,0.406,1,-0.406,-0.564004
1.14963,0.928558,0.404,0.999991,-0.404,-0.575978
1.14889,0.928574,0.402,1,-0.402,-0.588003
1.14815,0.928574,0.4,1,-0.4,-0.600004
1.14741,0.928574,0.398,1,-0.398,-0.612003
1.14667,0.928574,0.396,1,-0.396,-0.624003
1.14593,0.928574,0.394,1,-0.394,-0.636003
1.14519,0.928574,0.392,1,-0.392,-0.648003
1.14444,0.928558,0.39,0.999991,-0.39,-0.659978
1.1437,0.928574,0.388,1,-0.388,-0.672004
1.14296,0.928574,0.386,1,-0.386,-0.684003
1.14222,0.928574,0.384,1,-0.384,-0.696003
1.14148,0.928574,0.382,1,-0.382,-0.708003
1.14074,0.928574,0.38,1,-0.38,-0.720004
1.14,0.928574,0.378,1,-0.378,-0.732004
1.13926,0.928558,0.376,0.999991,-0.376,-0.743979
1.13852,0.928574,0.374,1,-0.374,-0.756003
1.13778,0.928574,0.372,1,-0.372,-0.768003
1.13704,0.928574,0.37,1,-0.37,-0.780003
1.1363,0.928574,0.368,1,-0.368,-0.792004
1.13556,0.928574,0.366,1,-0.366,-0.804003
1.13481,0.928574,0.364,1,-0.364,-0.816003
1.13407,0.928558,0.362,0.999991,-0.362,-0.82798
1.13333,0.928574,0.36,1,-0.36,-0.840002
1.13259,0.928574,0.358,1,-0.358,-0.852003
1.13185,0.928574,0.356,1,-0.356,-0.864003
1.13111,0.928574,0.354,1,-0.354,-0.876003
1.13037,0.928574,0.352,1,-0.352,-0.888003
1.12963,0.928574,0.35,1,-0.35,-0.900003
1.12889,0.928558,0.348,0.999991,-0.348,-0.911981
1.12815,0.928574,0.346,1,-0.346,-0.924003
1.12741,0.928574,0.344,1,-0.344,-0.936003
1.12667,0.928574,0.342,1,-0.342,-0.948002
1.12593,0.928574,0.34,1,-0.34,-0.960002
1.12519,0.928574,0.338,1,-0.338,-0.972003
1.12444,0.928574,0.336,1,-0.336,-0.984003
1.1237,0.928558,0.334,0.999991,-0.334,-0.995981
1.12296,0.928574,0.332,1,-0.332,-1.008
1.12222,0.928574,0.33,1,-0.33,-1.02
1.12148,0.928574,0.328,1,-0.328,-1.032
1.12074,0.928574,0.326,1,-0.326,-1.044
1.12,0.928574,0.324,1,-0.324,-1.056
1.11926,0.928574,0.322,1,-0.322,-1.068
1.11852,0.928558,0.32,0.999991,-0.32,-1.07998
1.11778,0.928574,0.318,1,-0.318,-1.092
1.11704,0.928574,0.316,1,-0.316,-1.104
1.1163,0.928574,0.314,1,-0.314,-1.116
1.11556,0.928574,0.312,1,-0.312,-1.128
1.11481,0.928574,0.31,1,-0.31,-1.14
1.11407,0.928574,0.308,1,-0.308,-1.152
1.11333,0.928558,0.306,0.999991,-0.306,-1.16398
1.11259,0.928574,0.304,1,-0.304,-1.176
1.11185,0.928574,0.302,1,-0.302,-1.188
1.11111,0.928574,0.3,1,-0.3,-1.2
1.11037,0.928574,0.298,1,-0.298,-1.212
1.10963,0.928574,0.296,1,-0.296,-1.224
1.10889,0.928574,0.294,1,-0.294,-1.236
1.10815,0.928558,0.292,0.999991,-0.292,-1.24798
1.10741,0.928574,0.29,1,-0.29,-1.26
1.10667,0.928574,0.288,1,-0.288,-1.272
1.10593,0.928574,0.286,1,-0.286,-1.284
1.10519,0.928574,0.284,1,-0.284,-1.296
1.10444,0.928574,0.282,1,-0.282,-1.308
1.1037,0.928574,0.28,1,-0.28,-1.32
1.10296,0.928558,0.278,0.999991,-0.278,-1.33198
1.10222,0.928574,0.276,1,-0.276,-1.344
1.10148,0.928574,0.274,1,-0.274,-1.356
1.10074,0.928574,0.272,1,-0.272,-1.368
1.1,0.928574,0.27,1,-0.27,-1.38
1.09926,0.928574,0.268,1,-0.268,-1.392
1.09852,0.928574,0.266,1,-0.266,-1.404
1.09778,0.928558,0.264,0.999991,-0.264,-1.41598
1.09704,0.928574,0.262,1,-0.262,-1.428
1.0963,0.928574,0.26,1,-0.26,-1.44
1.09556,0.928574,0.258,1,-0.258,-1.452
1.09481,0.928574,0.256,1,-0.256,-1.464
1.09407,0.928574,0.254,1,-0.254,-1.476
1.09333,0.928574,0.252,1,-0.252,-1.488
1.09259,0.928558,0.25,0.999991,-0.25,-1.49999
1.09185,0.928574,0.248,1,-0.248,-1.512
1.09111,0.928574,0.246,1,-0.246,-1.524
1.09037,0.928574,0.244,1,-0.244,-1.536
1.08963,0.928574,0.242,1,-0.242,-1.548
1.08889,0.928574,0.24,1,-0.24,-1.56
1.08815,0.928574,0.238,1,-0.238,-1.572
1.08741,0.928558,0.236,0.999991,-0.236,-1.58399
1.08667,0.928574,0.234,1,-0.234,-1.596
1.08593,0.928574,0.232,1,-0.232,-1.608
1.08519,0.928574,0.23,1,-0.23,-1.62
1.08444,0.928574,0.228,1,-0.228,-1.632
1.0837,0.928574,0.226,1,-0.226,-1.644
1.08296,0.928574,0.224,1,-0.224,-1.656
1.08222,0.928558,0.222,0.999991,-0.222,-1.66799
1.08148,0.928574,0.22,1,-0.22,-1.68
1.08074,0.928574,0.218,1,-0.218,-1.692
1.08,0.928574,0.216,1,-0.216,-1.704
1.07926,0.928574,0.214,1,-0.214,-1.716
1.07852,0.928574,0.212,1,-0.212,-1.728
1.07778,0.928574,0.21,1,-0.21,-1.74
1.07704,0.928558,0.208,0.999991,-0.208,-1.75199
1.0763,0.928574,0.206,1,-0.206,-1.764
1.07556,0.928574,0.204,1,-0.204,-1.776
1.07481,0.928574,0.202,1,-0.202,-1.788
1.07407,0.928574,0.2,1,-0.2,-1.8
1.07333,0.928566,0.198,0.999996,-0.198,-1.812
1.07259,0.928574,0.196,1,-0.196,-1.824
1.07185,0.928574,0.194,1,-0.194,-1.836
1.07111,0.928574,0.192,1,-0.192,-1.848
1.07037,0.928566,0.19,0.999996,-0.19,-1.86
1.06963,0.928574,0.188,1,-0.188,-1.872
1.06889,0.928574,0.186,1,-0.186,-1.884
1.06815,0.928566,0.184,0.999996,-0.184,-1.896
1.06741,0.928574,0.182,1,-0.182,-1.908
1.06667,0.928574,0.18,1,-0.18,-1.92
1.06593,0.928574,0.178,1,-0.178,-1.932
1.06519,0.928566,0.176,0.999996,-0.176,-1.94399
1.06444,0.928574,0.174,1,-0.174,-1.956
1.0637,0.928574,0.172,1,-0.172,-1.968
1.06296,0.928566,0.17,0.999996,-0.17,-1.98
1.06222,0.928574,0.168,1,-0.168,-1.992
1.06148,0.928574,0.166,1,-0.166,-2.004
1.06074,0.928574,0.164,1,-0.164,-2.016
1.06,0.928566,0.162,0.999996,-0.162,-2.028
1.05926,0.928574,0.16,1,-0.16,-2.04
1.05852,0.928574,0.158,1,-0.158,-2.052
1.05778,0.928566,0.156,0.999996,-0.156,-2.064
1.05704,0.928574,0.154,1,-0.154,-2.076
1.0563,0.928574,0.152,1,-0.152,-2.088
1.05556,0.928574,0.15,1,-0.15,-2.1
1.05481,0.928566,0.148,0.999996,-0.148,-2.112
1.05407,0.928574,0.146,1,-0.146,-2.124
1.05333,0.928574,0.144,1,-0.144,-2.136
1.05259,0.928566,0.142,0.999996,-0.142,-2.148
1.05185,0.928574,0.14,1,-0.14,-2.16
1.05111,0.928574,0.138,1,-0.138,-2.172
1.05037,0.928574,0.136,1,-0.136,-2.184
1.04963,0.928566,0.134,0.999996,-0.134,-2.196
1.04889,0.928574,0.132,1,-0.132,-2.208
1.04815,0.928574,0.13,1,-0.13,-2.22
1.04741,0.928566,0.128,0.999996,-0.128,-2.232
1.04667,0.928574,0.126,1,-0.126,-2.244
1.04593,0.928574,0.124,1,-0.124,-2.256
1.04519,0.928574,0.122,1,-0.122,-2.268
1.04444,0.928566,0.12,0.999996,-0.12,-2.28
1.0437,0.928574,0.118,1,-0.118,-2.292
1.04296,0.928574,0.116,1,-0.116,-2.304
1.04222,0.928566,0.114,0.999996,-0.114,-2.316
1.04148,0.928574,0.112,1,-0.112,-2.328
1.04074,0.928574,0.11,1,-0.11,-2.34
1.04,0.928574,0.108,1,-0.108,-2.352
1.03926,0.928566,0.106,0.999996,-0.106,-2.364
1.03852,0.928574,0.104,1,-0.104,-2.376
1.03778,0.928574,0.102,1,-0.102,-2.388
1.03704,0.928566,0.1,0.999996,-0.1,-2.4
1.0363,0.928574,0.0980002,1,-0.098,-2.412
1.03556,0.928574,0.0960001,1,-0.096,-2.424
1.03481,0.928574,0.0940001,1,-0.094,-2.436
1.03407,0.928566,0.092,0.999996,-0.092,-2.448
1.03333,0.928574,0.0899999,1,-0.09,-2.46
1.03259,0.928574,0.0879998,1,-0.088,-2.472
1.03185,0.928566,0.0860001,0.999996,-0.086,-2.484
1.03111,0.928574,0.084,1,-0.084,-2.496
1.03037,0.928574,0.0820003,1,-0.082,-2.508
1.02963,0.928574,0.0800002,1,-0.08,-2.52
1.02889,0.928566,0.0780001,0.999996,-0.078,-2.532
1.02815,0.928574,0.0760001,1,-0.076,-2.544
1.02741,0.928574,0.074,1,-0.074,-2.556
1.02667,0.928566,0.0719999,0.999996,-0.072,-2.568
1.02593,0.928574,0.0700002,1,-0.07,-2.58
1.02519,0.928574,0.0680001,1,-0.068,-2.592
1.02444,0.928574,0.066,1,-0.066,-2.604
1.0237,0.928566,0.0640003,0.999996,-0.064,-2.616
1.02296,0.928574,0.0620002,1,-0.062,-2.628
1.02222,0.92857,0.0600002,0.999999,-0.06,-2.64
1.02148,0.928574,0.0580001,1,-0.058,-2.652
1.02074,0.92857,0.056,0.999999,-0.056,-2.664
1.02,0.928574,0.0539999,1,-0.054,-2.676
1.01926,0.92857,0.0520002,0.999999,-0.052,-2.688
1.01852,0.928574,0.0500001,1,-0.05,-2.7
1.01778,0.92857,0.0480001,0.999999,-0.048,-2.712
1.01704,0.92857,0.0460003,0.999999,-0.046,-2.724
1.0163,0.928574,0.0440002,1,-0.044,-2.736
1.01556,0.92857,0.0420002,0.999999,-0.042,-2.748
1.01481,0.928574,0.0400001,1,-0.04,-2.76
1.01407,0.92857,0.038,0.999999,-0.038,-2.772
1.01333,0.928574,0.036,1,-0.036,-2.784
1.01259,0.92857,0.0340002,0.999999,-0.034,-2.796
1.01185,0.92857,0.0320002,0.999999,-0.032,-2.808
1.01111,0.928574,0.0300001,1,-0.03,-2.82
1.01037,0.92857,0.028,0.999999,-0.028,-2.832
1.00963,0.928574,0.0260003,1,-0.026,-2.844
1.00889,0.92857,0.0240002,0.999999,-0.024,-2.856
1.00815,0.928574,0.0220001,1,-0.022,-2.868
1.00741,0.92857,0.0200001,0.999999,-0.02,-2.88
1.00667,0.92857,0.018,0.999999,-0.018,-2.892
1.00593,0.928574,0.0160002,1,-0.016,-2.904
1.00519,0.92857,0.0140002,0.999999,-0.014,-2.916
1.00444,0.928574,0.0120001,1,-0.012,-2.928
1.0037,0.92857,0.0100003,0.999999,-0.01,-2.94
1.00296,0.928574,0.00800028,1,-0.008,-2.952
1.00222,0.92857,0.00600021,0.999999,-0.006,-2.964
1.00148,0.92857,0.00400014,0.999999,-0.00400001,-2.976
1.00074,0.928574,0.00200007,1,-0.002,-2.988
1,-0.5,0,0,0,-nan
0.999259,-1.92857,-0.00200007,-1,0.002,-2.988
0.998519,-1.92857,-0.00399982,-0.999999,0.00399999,-2.976
0.997778,-1.92857,-0.00599989,-0.999999,0.006,-2.964
0.997037,-1.92857,-0.00799996,-1,0.008,-2.952
0.996296,-1.92857,-0.01,-0.999999,0.00999999,-2.94
0.995556,-1.92857,-0.0119999,-1,0.012,-2.928
0.994815,-1.92857,-0.0139998,-0.999999,0.014,-2.916
0.994074,-1.92857,-0.0160001,-1,0.016,-2.904
0.993333,-1.92857,-0.018,-0.999999,0.018,-2.892
0.992593,-1.92857,-0.0200001,-0.999999,0.02,-2.88
0.991852,-1.92857,-0.0220001,-1,0.022,-2.868
0.991111,-1.92857,-0.0239999,-0.999999,0.024,-2.856
0.99037,-1.92857,-0.0259999,-1,0.026,-2.844
0.98963,-1.92857,-0.0279998,-1,0.028,-2.832
0.988889,-1.92857,-0.0299999,-0.999996,0.03,-2.82
0.988148,-1.92857,-0.032,-1,0.032,-2.808
0.987407,-1.92857,-0.0340001,-1,0.034,-2.796
0.986667,-1.92857,-0.036,-0.999996,0.036,-2.784
0.985926,-1.92857,-0.038,-1,0.038,-2.772
0.985185,-1.92857,-0.0400001,-1,0.04,-2.76
0.984444,-1.92857,-0.0419999,-1,0.042,-2.748
0.983704,-1.92857,-0.0439999,-0.999996,0.044,-2.736
0.982963,-1.92857,-0.0459998,-1,0.046,-2.724
0.982222,-1.92857,-0.0479999,-1,0.048,-2.712
0.981481,-1.92857,-0.05,-0.999996,0.05,-2.7
0.980741,-1.92857,-0.052,-1,0.052,-2.688
0.98,-1.92857,-0.0539999,-1,0.054,-2.676
0.979259,-1.92857,-0.056,-1,0.056,-2.664
0.978518,-1.92857,-0.0580001,-0.999996,0.058,-2.652
0.977778,-1.92857,-0.0599998,-1,0.06,-2.64
0.977037,-1.92857,-0.0619999,-1,0.062,-2.628
0.976296,-1.92857,-0.064,-0.999996,0.064,-2.616
0.975556,-1.92857,-0.0659999,-1,0.066,-2.604
0.974815,-1.92857,-0.068,-1,0.068,-2.592
0.974074,-1.92857,-0.0699999,-1,0.07,-2.58
0.973333,-1.92857,-0.0720001,-0.999996,0.072,-2.568
0.972593,-1.92857,-0.074,-1,0.074,-2.556
0.971852,-1.92857,-0.0759998,-1,0.076,-2.544
0.971111,-1.92857,-0.0780001,-0.999996,0.078,-2.532
0.97037,-1.92857,-0.0799999,-1,0.08,-2.52
0.96963,-1.92857,-0.082,-1,0.082,-2.508
0.968889,-1.92857,-0.0839999,-1,0.084,-2.496
0.968148,-1.92857,-0.0859999,-0.999996,0.086,-2.484
0.967407,-1.92857,-0.088,-1,0.088,-2.472
0.966667,-1.92857,-0.0900001,-1,0.09,-2.46
0.965926,-1.92857,-0.092,-0.999996,0.092,-2.448
0.965185,-1.92857,-0.0940001,-1,0.094,-2.436
0.964445,-1.92857,-0.0959998,-0.999996,0.096,-2.424
0.963704,-1.92857,-0.0979999,-1,0.098,-2.412
0.962963,-1.92857,-0.0999999,-1,0.1,-2.4
0.962222,-1.92857,-0.102,-1,0.102,-2.388
0.961482,-1.92857,-0.104,-1,0.104,-2.376
0.960741,-1.92857,-0.106,-1,0.106,-2.364
0.96,-1.92857,-0.108,-1,0.108,-2.352
0.959259,-1.92856,-0.11,-0.999991,0.11,-2.33999
0.958519,-1.92857,-0.112,-1,0.112,-2.328
0.957778,-1.92857,-0.114,-1,0.114,-2.316
0.957037,-1.92857,-0.116,-1,0.116,-2.304
0.956296,-1.92857,-0.118,-1,0.118,-2.292
0.955556,-1.92857,-0.12,-1,0.12,-2.28
0.954815,-1.92857,-0.122,-1,0.122,-2.268
0.954074,-1.92856,-0.124,-0.999991,0.124,-2.25599
0.953333,-1.92857,-0.126,-1,0.126,-2.244
0.952593,-1.92857,-0.128,-1,0.128,-2.232
0.951852,-1.92857,-0.13,-1,0.13,-2.22
0.951111,-1.92857,-0.132,-1,0.132,-2.208
0.95037,-1.92857,-0.134,-1,0.134,-2.196
0.94963,-1.92857,-0.136,-1,0.136,-2.184
0.948889,-1.92856,-0.138,-0.999991,0.138,-2.17199
0.948148,-1.92857,-0.14,-1,0.14,-2.16
0.947407,-1.92857,-0.142,-1,0.142,-2.148
0.946667,-1.92857,-0.144,-1,0.144,-2.136
0.945926,-1.92857,-0.146,-1,0.146,-2.124
0.945185,-1.92857,-0.148,-1,0.148,-2.112
0.944444,-1.92857,-0.15,-1,0.15,-2.1
0.943704,-1.92856,-0.152,-0.999991,0.152,-2.08799
0.942963,-1.92857,-0.154,-1,0.154,-2.076
0.942222,-1.92857,-0.156,-1,0.156,-2.064
0.941482,-1.92857,-0.158,-1,0.158,-2.052
0.940741,-1.92857,-0.16,-1,0.16,-2.04
0.94,-1.92857,-0.162,-1,0.162,-2.028
0.939259,-1.92857,-0.164,-1,0.164,-2.016
0.938519,-1.92856,-0.166,-0.999991,0.166,-2.00399
0.937778,-1.92857,-0.168,-1,0.168,-1.992
0.937037,-1.92857,-0.17,-1,0.17,-1.98
0.936296,-1.92857,-0.172,-1,0.172,-1.968
0.935556,-1.92857,-0.174,-1,0.174,-1.956
0.934815,-1.92857,-0.176,-1,0.176,-1.944
0.934074,-1.92857,-0.178,-1,0.178,-1.932
0.933333,-1.92856,-0.18,-0.999991,0.18,-1.91999
0.932593,-1.92857,-0.182,-1,0.182,-1.908
0.931852,-1.92857,-0.184,-1,0.184,-1.896
0.931111,-1.92857,-0.186,-1,0.186,-1.884
0.93037,-1.92857,-0.188,-1,0.188,-1.872
0.92963,-1.92857,-0.19,-1,0.19,-1.86
0.928889,-1.92857,-0.192,-1,0.192,-1.848
0.928148,-1.92856,-0.194,-0.999991,0.194,-1.83599
0.927407,-1.92857,-0.196,-1,0.196,-1.824
0.926667,-1.92857,-0.198,-1,0.198,-1.812
0.925926,-1.92857,-0.2,-1,0.2,-1.8
0.925185,-1.92857,-0.202,-1,0.202,-1.788
0.924444,-1.92857,-0.204,-1,0.204,-1.776
0.923704,-1.92857,-0.206,-1,0.206,-1.764
0.922963,-1.92856,-0.208,-0.999991,0.208,-1.75199
0.922222,-1.92857,-0.21,-1,0.21,-1.74
0.921482,-1.92857,-0.212,-1,0.212,-1.728
0.920741,-1.92857,-0.214,-1,0.214,-1.716
0.92,-1.92857,-0.216,-1,0.216,-1.704
0.919259,-1.92857,-0.218,-1,0.218,-1.692
0.918519,-1.92857,-0.22,-1,0.22,-1.68
0.917778,-1.92856,-0.222,-0.999991,0.222,-1.66799
0.917037,-1.92857,-0.224,-1,0.224,-1.656
0.916296,-1.92857,-0.226,-1,0.226,-1.644
0.915556,-1.92857,-0.228,-1,0.228,-1.632
0.914815,-1.92856,-0.23,-0.999991,0.23,-1.61999
0.914074,-1.92859,-0.232,-1.00001,0.232,-1.60802
0.913333,-1.92856,-0.234,-0.999991,0.234,-1.59599
0.912593,-1.92859,-0.236,-1.00001,0.236,-1.58402
0.911852,-1.92856,-0.238,-0.999991,0.238,-1.57199
0.911111,-1.92859,-0.24,-1.00001,0.24,-1.56002
0.91037,-1.92856,-0.242,-0.999991,0.242,-1.54799
0.90963,-1.92856,-0.244,-0.999991,0.244,-1.53599
0.908889,-1.92859,-0.246,-1.00001,0.246,-1.52402
0.908148,-1.92856,-0.248,-0.999991,0.248,-1.51199
0.907407,-1.92859,-0.25,-1.00001,0.25,-1.50002
0.906667,-1.92856,-0.252,-0.999991,0.252,-1.48799
0.905926,-1.92859,-0.254,-1.00001,0.254,-1.47602
0.905185,-1.92856,-0.256,-0.999991,0.256,-1.46399
0.904444,-1.92856,-0.258,-0.999991,0.258,-1.45199
0.903704,-1.92859,-0.26,-1.00001,0.26,-1.44002
0.902963,-1.92856,-0.262,-0.999991,0.262,-1.42799
0.902222,-1.92859,-0.264,-1.00001,0.264,-1.41602
0.901482,-1.92856,-0.266,-0.999991,0.266,-1.40399
0.900741,-1.92859,-0.268,-1.00001,0.268,-1.39202
0.9,-1.92856,-0.27,-0.999991,0.27,-1.37999
0.899259,-1.92856,-0.272,-0.999991,0.272,-1.36798
0.898519,-1.92859,-0.274,-1.00001,0.274,-1.35602
0.897778,-1.92856,-0.276,-0.999991,0.276,-1.34398
0.897037,-1.92859,-0.278,-1.00001,0.278,-1.33202
0.896296,-1.92856,-0.28,-0.999991,0.28,-1.31998
0.895556,-1.92859,-0.282,-1.00001,0.282,-1.30802
0.894815,-1.92856,-0.284,-0.999991,0.284,-1.29598
0.894074,-1.92856,-0.286,-0.999991,0.286,-1.28398
0.893333,-1.92859,-0.288,-1.00001,0.288,-1.27202
0.892593,-1.92856,-0.29,-0.999991,0.29,-1.25998
0.891852,-1.92859,-0.292,-1.00001,0.292,-1.24802
0.891111,-1.92856,-0.294,-0.999991,0.294,-1.23598
0.89037,-1.92859,-0.296,-1.00001,0.296,-1.22402
0.88963,-1.92856,-0.298,-0.999991,0.298,-1.21198
0.888889,-1.92856,-0.3,-0.999991,0.3,-1.19998
0.888148,-1.92859,-0.302,-1.00001,0.302,-1.18802
0.887407,-1.92856,-0.304,-0.999991,0.304,-1.17598
0.886667,-1.92859,-0.306,-1.00001,0.306,-1.16402
0.885926,-1.92856,-0.308,-0.999991,0.308,-1.15198
0.885185,-1.92859,-0.31,-1.00001,0.31,-1.14002
0.884444,-1.92856,-0.312,-0.999991,0.312,-1.12798
0.883704,-1.92856,-0.314,-0.999991,0.314,-1.11598
0.882963,-1.92859,-0.316,-1.00001,0.316,-1.10402
0.882222,-1.92856,-0.318,-0.999991,0.318,-1.09198
0.881482,-1.92859,-0.32,-1.00001,0.32,-1.08002
0.880741,-1.92856,-0.322,-0.999991,0.322,-1.06798
0.88,-1.92859,-0.324,-1.00001,0.324,-1.05602
0.879259,-1.92856,-0.326,-0.999991,0.326,-1.04398
0.878519,-1.92856,-0.328,-0.999991,0.328,-1.03198
0.877778,-1.92859,-0.33,-1.00001,0.33,-1.02002
0.877037,-1.92856,-0.332,-0.999991,0.332,-1.00798
0.876296,-1.92859,-0.334,-1.00001,0.334,-0.996024
0.875556,-1.92856,-0.336,-0.999991,0.336,-0.983982
0.874815,-1.92859,-0.338,-1.00001,0.338,-0.972025
0.874074,-1.92856,-0.34,-0.999991,0.34,-0.959981
0.873333,-1.92856,-0.342,-0.999991,0.342,-0.947981
0.872593,-1.92859,-0.344,-1.00001,0.344,-0.936025
0.871852,-1.92856,-0.346,-0.999991,0.346,-0.923981
0.871111,-1.92859,-0.348,-1.00001,0.348,-0.912025
0.87037,-1.92856,-0.35,-0.999991,0.35,-0.899981
0.86963,-1.92859,-0.352,-1.00001,0.352,-0.888026
0.868889,-1.92856,-0.354,-0.999991,0.354,-0.87598
0.868148,-1.92856,-0.356,-0.999991,0.356,-0.863981
0.867407,-1.92859,-0.358,-1.00001,0.358,-0.852026
0.866667,-1.92856,-0.36,-0.999991,0.36,-0.839981
0.865926,-1.92859,-0.362,-1.00001,0.362,-0.828027
0.865185,-1.92856,-0.364,-0.999991,0.364,-0.81598
0.864444,-1.92859,-0.366,-1.00001,0.366,-0.804027
0.863704,-1.92856,-0.368,-0.999991,0.368,-0.79198
0.862963,-1.92856,-0.37,-0.999991,0.37,-0.77998
0.862222,-1.92859,-0.372,-1.00001,0.372,-0.768027
0.861482,-1.92856,-0.374,-0.999991,0.374,-0.75598
0.860741,-1.92859,-0.376,-1.00001,0.376,-0.744028
0.86,-1.92856,-0.378,-0.999991,0.378,-0.731979
0.859259,-1.92859,-0.38,-1.00001,0.38,-0.720028
0.858519,-1.92856,-0.382,-0.999991,0.382,-0.707979
0.857778,-1.92856,-0.384,-0.999991,0.384,-0.695979
0.857037,-1.92859,-0.386,-1.00001,0.386,-0.684028
0.856296,-1.92856,-0.388,-0.999991,0.388,-0.671978
0.855556,-1.92859,-0.39,-1.00001,0.39,-0.660028
0.854815,-1.92856,-0.392,-0.999991,0.392,-0.647979
0.854074,-1.92859,-0.394,-1.00001,0.394,-0.636029
0.853333,-1.92856,-0.396,-0.999991,0.396,-0.623978
0.852593,-1.92856,-0.398,-0.999991,0.398,-0.611979
0.851852,-1.92859,-0.4,-1.00001,0.4,-0.600029
0.851111,-1.92856,-0.402,-0.999991,0.402,-0.587978
0.85037,-1.92859,-0.404,-1.00001,0.404,-0.576029
0.84963,-1.92856,-0.406,-0.999991,0.406,-0.563977
0.848889,-1.92859,-0.408,-1.00001,0.408,-0.55203
0.848148,-1.92856,-0.41,-0.999991,0.41,-0.539977
0.847407,-1.92856,-0.412,-0.999991,0.412,-0.527978
0.846667,-1.92859,-0.414,-1.00001,0.414,-0.516031
0.845926,-1.92856,-0.416,-0.999991,0.416,-0.503978
0.845185,-1.92859,-0.418,-1.00001,0.418,-0.492031
0.844444,-1.92856,-0.42,-0.999991,0.42,-0.479977
0.843704,-1.92859,-0.422,-1.00001,0.422,-0.468031
0.842963,-1.92856,-0.424,-0.999991,0.424,-0.455977
0.842222,-1.92856,-0.426,-0.999991,0.426,-0.443977
0.841482,-1.92859,-0.428,-1.00001,0.428,-0.432032
0.840741,-1.92856,-0.43,-0.999991,0.43,-0.419977
0.84,-1.92859,-0.432,-1.00001,0.432,-0.408031
0.839259,-1.92856,-0.434,-0.999991,0.434,-0.395976
0.838519,-1.92859,-0.436,-1.00001,0.436,-0.384032
0.837778,-1.92856,-0.438,-0.999991,0.438,-0.371976
0.837037,-1.92856,-0.44,-0.999991,0.44,-0.359976
0.836296,-1.92859,-0.442,-1.00001,0.442,-0.348032
0.835556,-1.92856,-0.444,-0.999991,0.444,-0.335975
0.834815,-1.92859,-0.446,-1.00001,0.446,-0.324032
0.834074,-1.92856,-0.448,-0.999991,0.448,-0.311976
0.833333,-1.92859,-0.45,-1.00001,0.45,-0.300033
0.832593,-1.92856,-0.452,-0.999991,0.452,-0.287975
0.831852,-1.92856,-0.454,-0.999991,0.454,-0.275975
0.831111,-1.92859,-0.456,-1.00001,0.456,-0.264034
0.83037,-1.92856,-0.458,-0.999991,0.458,-0.251975
0.82963,-1.92859,-0.46,-1.00001,0.46,-0.240033
0.828889,-1.92856,-0.462,-0.999991,0.462,-0.227974
0.828148,-1.92859,-0.464,-1.00001,0.464,-0.216033
0.827407,-1.92856,-0.466,-0.999991,0.466,-0.203974
0.826667,-1.92856,-0.468,-0.999991,0.468,-0.191975
0.825926,-1.92859,-0.47,-1.00001,0.47,-0.180035
0.825185,-1.92856,-0.472,-0.999991,0.472,-0.167974
0.824444,-1.92859,-0.474,-1.00001,0.474,-0.156035
0.823704,-1.92856,-0.476,-0.999991,0.476,-0.143974
0.822963,-1.92859,-0.478,-1.00001,0.478,-0.132035
0.822222,-1.92856,-0.48,-0.999991,0.48,-0.119973
0.821481,-1.92856,-0.482,-0.999991,0.482,-0.107973
0.820741,-1.92859,-0.484,-1.00001,0.484,-0.0960348
0.82,-1.92856,-0.486,-0.999991,0.486,-0.0839736
0.819259,-1.92859,-0.488,-1.00001,0.488,-0.0720356
0.818519,-1.92856,-0.49,-0.999991,0.49,-0.0599735
0.817778,-1.92859,-0.492,-1.00001,0.492,-0.0480363
0.817037,-1.92856,-0.494,-0.999991,0.494,-0.0359726
0.816296,-1.92859,-0.496,-1.00001,0.496,-0.0240366
0.815556,-1.92853,-0.498,-0.999969,0.498,-0.011909
0.814815,-1.92859,-0.5,-1.00001,0.5,-3.6478e-05
0.814074,-1.92859,-0.502,-1.00001,0.502,0.0119638
0.813333,-1.92859,-0.504,-1.00001,0.504,0.023963
0.812593,-1.92853,-0.506,-0.999969,0.506,0.0360923
0.811852,-1.92859,-0.508,-1.00001,0.508,0.0479624
0.811111,-1.92859,-0.51,-1.00001,0.51,0.0599623
0.81037,-1.92853,-0.512,-0.999969,0.512,0.0720935
0.80963,-1.92859,-0.514,-1.00001,0.514,0.0839629
0.808889,-1.92859,-0.516,-1.00001,0.516,0.0959625
0.808148,-1.92859,-0.518,-1.00001,0.518,0.107962
0.807407,-1.92853,-0.52,-0.999969,0.52,0.120096
0.806667,-1.92859,-0.522,-1.00001,0.522,0.131962
0.805926,-1.92859,-0.524,-1.00001,0.524,0.143961
0.805185,-1.92853,-0.526,-0.999969,0.526,0.156096
0.804444,-1.92859,-0.528,-1.00001,0.528,0.167961
0.803704,-1.92859,-0.53,-1.00001,0.53,0.179961
0.802963,-1.92859,-0.532,-1.00001,0.532,0.191961
0.802222,-1.92853,-0.534,-0.999969,0.534,0.204098
0.801481,-1.92859,-0.536,-1.00001,0.536,0.215961
0.800741,-1.92859,-0.538,-1.00001,0.538,0.227961
0.8,-1.92853,-0.54,-0.999969,0.54,0.240099
0.799259,-1.92859,-0.542,-1.00001,0.542,0.25196
0.798519,-1.92859,-0.544,-1.00001,0.544,0.263961
0.797778,-1.92859,-0.546,-1.00001,0.546,0.27596
0.797037,-1.92853,-0.548,-0.999969,0.548,0.2881
0.796296,-1.92859,-0.55,-1.00001,0.55,0.29996
0.795556,-1.92859,-0.552,-1.00001,0.552,0.311959
0.794815,-1.92853,-0.554,-0.999969,0.554,0.324101
0.794074,-1.92859,-0.556,-1.00001,0.556,0.335959
0.793333,-1.92859,-0.558,-1.00001,0.558,0.347959
0.792593,-1.92859,-0.56,-1.00001,0.56,0.359959
0.791852,-1.92853,-0.562,-0.999969,0.562,0.372103
0.791111,-1.92859,-0.564,-1.00001,0.564,0.383959
0.79037,-1.92859,-0.566,-1.00001,0.566,0.395959
0.78963,-1.92853,-0.568,-0.999969,0.568,0.408104
0.788889,-1.92859,-0.57,-1.00001,0.57,0.419959
0.788148,-1.92859,-0.572,-1.00001,0.572,0.431958
0.787407,-1.92859,-0.574,-1.00001,0.574,0.443958
0.786667,-1.92853,-0.576,-0.999969,0.576,0.456105
0.785926,-1.92859,-0.578,-1.00001,0.578,0.467957
0.785185,-1.92859,-0.58,-1.00001,0.58,0.479957
0.784445,-1.92853,-0.582,-0.999969,0.582,0.492106
0.783704,-1.92859,-0.584,-1.00001,0.584,0.503957
0.782963,-1.92859,-0.586,-1.00001,0.586,0.515957
0.782222,-1.92859,-0.588,-1.00001,0.588,0.527957
0.781482,-1.92853,-0.59,-0.999969,0.59,0.540108
0.780741,-1.92859,-0.592,-1.00001,0.592,0.551957
0.78,-1.92859,-0.594,-1.00001,0.594,0.563957
0.779259,-1.92853,-0.596,-0.999969,0.596,0.57611
0.778519,-1.92859,-0.598,-1.00001,0.598,0.587956
0.777778,-1.92859,-0.6,-1.00001,0.6,0.599956
0.777037,-1.92859,-0.602,-1.00001,0.602,0.611956
0.776296,-1.92853,-0.604,-0.999969,0.604,0.62411
0.775556,-1.92859,-0.606,-1.00001,0.606,0.635956
0.774815,-1.92859,-0.608,-1.00001,0.608,0.647955
0.774074,-1.92853,-0.61,-0.999969,0.61,0.660112
0.773333,-1.92859,-0.612,-1.00001,0.612,0.671955
0.772593,-1.92859,-0.614,-1.00001,0.614,0.683956
0.771852,-1.92859,-0.616,-1.00001,0.616,0.695955
0.771111,-1.92853,-0.618,-0.999969,0.618,0.708113
0.77037,-1.92859,-0.62,-1.00001,0.62,0.719954
0.76963,-1.92859,-0.622,-1.00001,0.622,0.731955
0.768889,-1.92853,-0.624,-0.999969,0.624,0.744114
0.768148,-1.92859,-0.626,-1.00001,0.626,0.755954
0.767407,-1.92859,-0.628,-1.00001,0.628,0.767954
0.766667,-1.92859,-0.63,-1.00001,0.63,0.779954
0.765926,-1.92853,-0.632,-0.999969,0.632,0.792115
0.765185,-1.92859,-0.634,-1.00001,0.634,0.803953
0.764444,-1.92859,-0.636,-1.00001,0.636,0.815953
0.763704,-1.92853,-0.638,-0.999969,0.638,0.828116
0.762963,-1.92859,-0.64,-1.00001,0.64,0.839953
0.762222,-1.92859,-0.642,-1.00001,0.642,0.851953
0.761482,-1.92859,-0.644,-1.00001,0.644,0.863953
0.760741,-1.92853,-0.646,-0.999969,0.646,0.876118
0.76,-1.92859,-0.648,-1.00001,0.648,0.887953
0.759259,-1.92859,-0.65,-1.00001,0.65,0.899953
0.758519,-1.92853,-0.652,-0.999969,0.652,0.912119
0.757778,-1.92859,-0.654,-1.00001,0.654,0.923952
0.757037,-1.92859,-0.656,-1.00001,0.656,0.935952
0.756296,-1.92859,-0.658,-1.00001,0.658,0.947952
0.755556,-1.92853,-0.66,-0.999969,0.66,0.960121
0.754815,-1.92859,-0.662,-1.00001,0.662,0.971952
0.754074,-1.92859,-0.664,-1.00001,0.664,0.983952
0.753333,-1.92853,-0.666,-0.999969,0.666,0.996122
0.752593,-1.92859,-0.668,-1.00001,0.668,1.00795
0.751852,-1.92859,-0.67,-1.00001,0.67,1.01995
0.751111,-1.92859,-0.672,-1.00001,0.672,1.03195
0.75037,-1.92853,-0.674,-0.999969,0.674,1.04412
0.74963,-1.92859,-0.676,-1.00001,0.676,1.05595
0.748889,-1.92859,-0.678,-1.00001,0.678,1.06795
0.748148,-1.92853,-0.68,-0.999969,0.68,1.08012
0.747407,-1.92859,-0.682,-1.00001,0.682,1.09195
0.746667,-1.92859,-0.684,-1.00001,0.684,1.10395
0.745926,-1.92859,-0.686,-1.00001,0.686,1.11595
0.745185,-1.92853,-0.688,-0.999969,0.688,1.12813
0.744444,-1.92859,-0.69,-1.00001,0.69,1.13995
0.743704,-1.92859,-0.692,-1.00001,0.692,1.15195
0.742963,-1.92853,-0.694,-0.999969,0.694,1.16413
0.742222,-1.92859,-0.696,-1.00001,0.696,1.17595
0.741481,-1.92859,-0.698,-1.00001,0.698,1.18795
0.740741,-1.92859,-0.7,-1.00001,0.7,1.19995
0.74,-1.92853,-0.702,-0.999969,0.702,1.21213
0.739259,-1.92859,-0.704,-1.00001,0.704,1.22395
0.738519,-1.92859,-0.706,-1.00001,0.706,1.23595
0.737778,-1.92853,-0.708,-0.999969,0.708,1.24813
0.737037,-1.92859,-0.71,-1.00001,0.71,1.25995
0.736296,-1.92859,-0.712,-1.00001,0.712,1.27195
0.735556,-1.92859,-0.714,-1.00001,0.714,1.28395
0.734815,-1.92853,-0.716,-0.999969,0.716,1.29613
0.734074,-1.92859,-0.718,-1.00001,0.718,1.30795
0.733333,-1.92859,-0.72,-1.00001,0.72,1.31995
0.732593,-1.92853,-0.722,-0.999969,0.722,1.33213
0.731852,-1.92859,-0.724,-1.00001,0.724,1.34395
0.731111,-1.92859,-0.726,-1.00001,0.726,1.35595
0.73037,-1.92859,-0.728,-1.00001,0.728,1.36795
0.72963,-1.92853,-0.73,-0.999969,0.73,1.38013
0.728889,-1.92859,-0.732,-1.00001,0.732,1.39195
0.728148,-1.92859,-0.734,-1.00001,0.734,1.40395
0.727407,-1.92853,-0.736,-0.999969,0.736,1.41613
0.726667,-1.92859,-0.738,-1.00001,0.738,1.42795
0.725926,-1.92859,-0.74,-1.00001,0.74,1.43995
0.725185,-1.92859,-0.742,-1.00001,0.742,1.45195
0.724445,-1.92853,-0.744,-0.999969,0.744,1.46414
0.723704,-1.92859,-0.746,-1.00001,0.746,1.47595
0.722963,-1.92859,-0.748,-1.00001,0.748,1.48795
0.722222,-1.92853,-0.75,-0.999969,0.75,1.50014
0.721482,-1.92859,-0.752,-1.00001,0.752,1.51195
0.720741,-1.92859,-0.754,-1.00001,0.754,1.52395
0.72,-1.92859,-0.756,-1.00001,0.756,1.53594
0.719259,-1.92853,-0.758,-0.999969,0.758,1.54814
0.718518,-1.92859,-0.76,-1.00001,0.76,1.55994
0.717778,-1.92859,-0.762,-1.00001,0.762,1.57194
0.717037,-1.92853,-0.764,-0.999969,0.764,1.58414
0.716296,-1.92859,-0.766,-1.00001,0.766,1.59594
0.715556,-1.92859,-0.768,-1.00001,0.768,1.60794
0.714815,-1.92859,-0.77,-1.00001,0.77,1.61994
0.714074,-1.92853,-0.772,-0.999969,0.772,1.63214
0.713333,-1.92859,-0.774,-1.00001,0.774,1.64394
0.712593,-1.92859,-0.776,-1.00001,0.776,1.65594
0.711852,-1.92853,-0.778,-0.999969,0.778,1.66814
0.711111,-1.92859,-0.78,-1.00001,0.78,1.67994
0.71037,-1.92859,-0.782,-1.00001,0.782,1.69194
0.70963,-1.92859,-0.784,-1.00001,0.784,1.70394
0.708889,-1.92853,-0.786,-0.999969,0.786,1.71614
0.708148,-1.92859,-0.788,-1.00001,0.788,1.72794
0.707407,-1.92859,-0.79,-1.00001,0.79,1.73994
0.706667,-1.92853,-0.792,-0.999969,0.792,1.75214
0.705926,-1.92859,-0.794,-1.00001,0.794,1.76394
0.705185,-1.92859,-0.796,-1.00001,0.796,1.77594
0.704445,-1.92859,-0.798,-1.00001,0.798,1.78794
0.703704,-1.92853,-0.8,-0.999969,0.8,1.80015
0.702963,-1.92859,-0.802,-1.00001,0.802,1.81194
0.702222,-1.92859,-0.804,-1.00001,0.804,1.82394
0.701482,-1.92853,-0.806,-0.999969,0.806,1.83615
0.700741,-1.92859,-0.808,-1.00001,0.808,1.84794
0.7,-1.92859,-0.81,-1.00001,0.81,1.85994
0.699259,-1.92859,-0.812,-1.00001,0.812,1.87194
0.698519,-1.92853,-0.814,-0.999969,0.814,1.88415
0.697778,-1.92859,-0.816,-1.00001,0.816,1.89594
0.697037,-1.92859,-0.818,-1.00001,0.818,1.90794
0.696296,-1.92853,-0.82,-0.999969,0.82,1.92015
0.695556,-1.92859,-0.822,-1.00001,0.822,1.93194
0.694815,-1.92859,-0.824,-1.00001,0.824,1.94394
0.694074,-1.92859,-0.826,-1.00001,0.826,1.95594
0.693333,-1.92853,-0.828,-0.999969,0.828,1.96815
0.692593,-1.92859,-0.83,-1.00001,0.83,1.97994
0.691852,-1.92859,-0.832,-1.00001,0.832,1.99194
0.691111,-1.92853,-0.834,-0.999969,0.834,2.00415
0.69037,-1.92859,-0.836,-1.00001,0.836,2.01594
0.68963,-1.92859,-0.838,-1.00001,0.838,2.02794
0.688889,-1.92859,-0.84,-1.00001,0.84,2.03994
0.688148,-1.92853,-0.842,-0.999969,0.842,2.05215
0.687407,-1.92859,-0.844,-1.00001,0.844,2.06394
0.686667,-1.92859,-0.846,-1.00001,0.846,2.07594
0.685926,-1.92853,-0.848,-0.999969,0.848,2.08815
0.685185,-1.92859,-0.85,-1.00001,0.85,2.09994
0.684444,-1.92859,-0.852,-1.00001,0.852,2.11194
0.683704,-1.92859,-0.854,-1.00001,0.854,2.12394
0.682963,-1.92853,-0.856,-0.999969,0.856,2.13616
0.682222,-1.92859,-0.858,-1.00001,0.858,2.14794
0.681482,-1.92859,-0.86,-1.00001,0.86,2.15994
0.680741,-1.92853,-0.862,-0.999969,0.862,2.17216
0.68,-1.92859,-0.864,-1.00001,0.864,2.18394
0.679259,-1.92859,-0.866,-1.00001,0.866,2.19594
0.678519,-1.92859,-0.868,-1.00001,0.868,2.20794
0.677778,-1.92853,-0.87,-0.999969,0.87,2.22016
0.677037,-1.92859,-0.872,-1.00001,0.872,2.23194
0.676296,-1.92859,-0.874,-1.00001,0.874,2.24394
0.675556,-1.92853,-0.876,-0.999969,0.876,2.25616
0.674815,-1.92859,-0.878,-1.00001,0.878,2.26794
0.674074,-1.92859,-0.88,-1.00001,0.88,2.27994
0.673333,-1.92859,-0.882,-1.00001,0.882,2.29194
0.672593,-1.92853,-0.884,-0.999969,0.884,2.30416
0.671852,-1.92859,-0.886,-1.00001,0.886,2.31594
0.671111,-1.92859,-0.888,-1.00001,0.888,2.32794
0.67037,-1.92853,-0.89,-0.999969,0.89,2.34016
0.66963,-1.92859,-0.892,-1.00001,0.892,2.35193
0.668889,-1.92859,-0.894,-1.00001,0.894,2.36393
0.668148,-1.92859,-0.896,-1.00001,0.896,2.37593
0.667407,-1.92853,-0.898,-0.999969,0.898,2.38816
0.666667,-1.92859,-0.9,-1.00001,0.9,2.39993
0.665926,-1.92859,-0.902,-1.00001,0.902,2.41193
0.665185,-1.92853,-0.904,-0.999969,0.904,2.42417
0.664444,-1.92859,-0.906,-1.00001,0.906,2.43593
0.663704,-1.92859,-0.908,-1.00001,0.908,2.44793
0.662963,-1.92859,-0.91,-1.00001,0.91,2.45993
0.662222,-1.92853,-0.912,-0.999969,0.912,2.47217
0.661481,-1.92859,-0.914,-1.00001,0.914,2.48393
0.660741,-1.92859,-0.916,-1.00001,0.916,2.49593
0.66,-1.92853,-0.918,-0.999969,0.918,2.50817
0.659259,-1.92859,-0.92,-1.00001,0.92,2.51993
0.658519,-1.92859,-0.922,-1.00001,0.922,2.53193
0.657778,-1.92859,-0.924,-1.00001,0.924,2.54393
0.657037,-1.92853,-0.926,-0.999969,0.926,2.55617
0.656296,-1.92859,-0.928,-1.00001,0.928,2.56793
0.655556,-1.92859,-0.93,-1.00001,0.93,2.57993
0.654815,-1.92853,-0.932,-0.999969,0.932,2.59217
0.654074,-1.92859,-0.934,-1.00001,0.934,2.60393
0.653333,-1.92859,-0.936,-1.00001,0.936,2.61593
0.652593,-1.92859,-0.938,-1.00001,0.938,2.62793
0.651852,-1.92853,-0.94,-0.999969,0.94,2.64017
0.651111,-1.92859,-0.942,-1.00001,0.942,2.65193
0.65037,-1.92859,-0.944,-1.00001,0.944,2.66393
0.64963,-1.92853,-0.946,-0.999969,0.946,2.67617
0.648889,-1.92859,-0.948,-1.00001,0.948,2.68793
0.648148,-1.92859,-0.95,-1.00001,0.95,2.69993
0.647407,-1.92859,-0.952,-1.00001,0.952,2.71193
0.646667,-1.92853,-0.954,-0.999969,0.954,2.72417
0.645926,-1.92859,-0.956,-1.00001,0.956,2.73593
0.645185,-1.92859,-0.958,-1.00001,0.958,2.74793
0.644444,-1.92853,-0.96,-0.999969,0.96,2.76018
0.643704,-1.92859,-0.962,-1.00001,0.962,2.77193
0.642963,-1.92859,-0.964,-1.00001,0.964,2.78393
0.642222,-1.92859,-0.966,-1.00001,0.966,2.79593
0.641482,-1.92853,-0.968,-0.999969,0.968,2.80818
0.640741,-1.92859,-0.97,-1.00001,0.97,2.81993
0.64,-1.92859,-0.972,-1.00001,0.972,2.83193
0.639259,-1.92853,-0.974,-0.999969,0.974,2.84418
0.638519,-1.92859,-0.976,-1.00001,0.976,2.85593
0.637778,-1.92859,-0.978,-1.00001,0.978,2.86793
0.637037,-1.92859,-0.98,-1.00001,0.98,2.87993
0.636296,-1.92853,-0.982,-0.999969,0.982,2.89218
0.635556,-1.92859,-0.984,-1.00001,0.984,2.90393
0.634815,-1.92859,-0.986,-1.00001,0.986,2.91593
0.634074,-1.92853,-0.988,-0.999969,0.988,2.92818
0.633333,-1.92859,-0.99,-1.00001,0.99,2.93993
0.632593,-1.92859,-0.992,-1.00001,0.992,2.95193
0.631852,-1.92859,-0.994,-1.00001,0.994,2.96393
0.631111,-1.92853,-0.996,-0.999969,0.996,2.97618
0.63037,-1.92859,-0.998,-1.00001,0.998,2.98793
